group_a,group_b,handover,shared_victims,after_first_quiet,shared_artifacts,site_similarity,signals
lockbit2,lockbit3,True,25,25,0,0.0,2
apt73,bashe,True,15,15,0,0.0,2
alphv,ransomhub,True,2,2,0,0.0,2
losttrust,royal,True,2,2,0,0.0,2
cloak,flocker,True,1,1,0,0.0,2
clop,hunters,True,1,1,0,0.0,2
clop,dragonforce,True,1,1,0,0.0,2
azroteam,snatch,True,1,1,0,0.0,2
lockbit2,lockbit3_fs,False,22,22,0,0.0,1
alphv,lockbit3,False,9,6,0,0.0,1
lockbit3,ransomhub,False,8,1,0,0.0,1
hunters,play,False,5,1,0,0.0,1
cactus,play,False,4,1,0,0.0,1
azroteam,mountlocker,True,3,0,0,0.0,1
lockbit3,noescape,False,3,3,0,0.0,1
lockbit3,lockbit3_fs,False,3,1,0,0.0,1
clop,lockbit2,False,3,2,0,0.0,1
alphv,hiveleak,False,2,1,0,0.0,1
hiveleak,hunters,False,2,2,0,0.0,1
meow,play,False,2,1,0,0.0,1
abyss,payloadbin,False,2,2,0,0.0,1
abyss,lockbit2,False,2,2,0,0.0,1
lockbit3,qilin,False,2,2,0,0.0,1
lockbit2,werewolves,False,2,2,0,0.0,1
clop,ransomhub,False,2,2,0,0.0,1
clop,lockbit3,False,2,1,0,0.0,1
hunters,snatch,False,2,1,0,0.0,1
qilin,ransomhub,False,2,1,0,0.0,1
blackbyte,lynx,False,1,1,0,0.0,1
blacksuit,qilin,False,1,1,0,0.0,1
avaddon,cryptbb,False,1,1,0,0.0,1
8base,avaddon,False,1,1,0,0.0,1
alphv,qilin,False,1,1,0,0.0,1
alphv,moneymessage,False,1,1,0,0.0,1
alphv,lynx,False,1,1,0,0.0,1
8base,qilin,False,1,1,0,0.0,1
babuk,marketo,False,1,1,0,0.0,1
avaddon,hunters,False,1,1,0,0.0,1
avaddon,play,False,1,1,0,0.0,1
blackbasta,monti,False,1,1,0,0.0,1
blackbasta,incransom,False,1,1,0,0.0,1
8base,moneymessage,False,1,1,0,0.0,1
cactus,cuba,False,1,1,0,0.0,1
conti,medusa,False,1,1,0,0.0,1
conti,flocker,False,1,1,0,0.0,1
clop,conti,False,1,1,0,0.0,1
blackbasta,conti,False,1,1,0,0.0,1
akira,conti,False,1,1,0,0.0,1
alphv,conti,False,1,1,0,0.0,1
clop,monti,False,1,1,0,0.0,1
clop,flocker,False,1,1,0,0.0,1
blackbasta,clop,False,1,1,0,0.0,1
bianlian,clop,False,1,1,0,0.0,1
lockbit2,losttrust,False,1,1,0,0.0,1
killsecurity,lockbit2,False,1,1,0,0.0,1
flocker,lockbit2,False,1,1,0,0.0,1
hunters,lockbit2,False,1,1,0,0.0,1
dunghill_leak,lockbit2,False,1,1,0,0.0,1
alphv,lockbit2,False,1,1,0,0.0,1
blackbyte,lockbit2,False,1,1,0,0.0,1
hunters,qilin,False,1,1,0,0.0,1
lockbit2,medusa,False,1,1,0,0.0,1
lockbit2,threeam,False,1,1,0,0.0,1
lockbit2,qilin,False,1,1,0,0.0,1
lockbit2,ransomhub,False,1,1,0,0.0,1
hiveleak,royal,False,1,1,0,0.0,1
dunghill_leak,qilin,False,1,1,0,0.0,1
blacksuit,dunghill_leak,False,1,1,0,0.0,1
akira,medusa,False,1,1,0,0.0,1
noescape,play,False,1,1,0,0.0,1
dispossessor,medusa,False,1,1,0,0.0,1
medusa,snatch,False,1,1,0,0.0,1
alphv,pysa,False,1,1,0,0.0,1
clop,pysa,False,1,1,0,0.0,1
pysa,stormous,False,1,1,0,0.0,1
blacksuit,quantum,False,1,1,0,0.0,1
quantum,ransomhub,False,1,1,0,0.0,1
quantum,snatch,False,1,1,0,0.0,1
quantum,vicesociety,False,1,1,0,0.0,1
payloadbin,ransomhub,False,1,1,0,0.0,1
ransomhub,safepay,False,1,1,0,0.0,1
blacksuit,royal,False,1,1,0,0.0,1
lynx,royal,False,1,1,0,0.0,1
qilin,royal,False,1,1,0,0.0,1
play,snatch,False,1,1,0,0.0,1
safepay,snatch,False,1,1,0,0.0,1
cicada3301,sparta,False,1,1,0,0.0,1
sarcoma,sparta,False,1,1,0,0.0,1
play,stormous,False,1,1,0,0.0,1
mallox,xinglocker,False,1,1,0,0.0,1
shaoleaks,yanluowang,False,1,1,0,0.0,1
marketo,payloadbin,True,0,0,0,0.0,1
freecivilian,monti,True,0,0,0,0.0,1
arvinclub,threeam,True,0,0,0,0.0,1
arvinclub,ciphbit,True,0,0,0,0.0,1
cheers,lockbit2,True,0,0,0,0.0,1
dAn0n,handala,True,0,0,0,0.0,1
dAn0n,eldorado,True,0,0,0,0.0,1
conti,ransomhouse,True,0,0,0,0.0,1
dAn0n,dispossessor,True,0,0,0,0.0,1
FOG,dAn0n,True,0,0,0,0.0,1
blackbasta,darkleakmarket,True,0,0,0,0.0,1
cloak,losttrust,True,0,0,0,0.0,1
donutleaks,sparta,True,0,0,0,0.0,1
ragroup,unsafeleak,True,0,0,0,0.0,1
blackout,cloak,True,0,0,0,0.0,1
mosesstaff,sabbath,True,0,0,0,0.0,1
FOG,apt73,True,0,0,0,0.0,1
blackbasta,kelvinsecurity,True,0,0,0,0.0,1
apt73,handala,True,0,0,0,0.0,1
blackout,medusa,True,0,0,0,0.0,1
cryp70n1c0d3,sabbath,True,0,0,0,0.0,1
8base,vicesociety,True,0,0,0,0.0,1
apt73,dispossessor,True,0,0,0,0.0,1
apt73,eldorado,True,0,0,0,0.0,1
blacksuit,vicesociety,True,0,0,0,0.0,1
hiveleak,sabbath,True,0,0,0,0.0,1
dunghill_leak,trinity,True,0,0,0,0.0,1
mallox,trinity,True,0,0,0,0.0,1
knight,nokoyawa,True,0,0,0,0.0,1
helldown,ransomexx,True,0,0,0,0.0,1
cryp70n1c0d3,lv,True,0,0,0,0.0,1
darkleakmarket,onyx,True,0,0,0,0.0,1
ragnarlocker,threeam,True,0,0,0,0.0,1
ciphbit,ragnarlocker,True,0,0,0,0.0,1
groove,spook,True,0,0,0,0.0,1
blackbyte,groove,True,0,0,0,0.0,1
lv,mosesstaff,True,0,0,0,0.0,1
lynx,ransomexx,True,0,0,0,0.0,1
freecivilian,unsafeleak,True,0,0,0,0.0,1
meow,nitrogen,True,0,0,0,0.0,1
redransomware,trigona,True,0,0,0,0.0,1
meow,sarcoma,True,0,0,0,0.0,1
cloak,karakurt,True,0,0,0,0.0,1
cicada3301,mallox,True,0,0,0,0.0,1
kelvinsecurity,onyx,True,0,0,0,0.0,1
cheers,icefire,True,0,0,0,0.0,1
cicada3301,dunghill_leak,True,0,0,0,0.0,1
hiveleak,monti,True,0,0,0,0.0,1
helldown,nitrogen,True,0,0,0,0.0,1
revil,royal,True,0,0,0,0.0,1
helldown,sarcoma,True,0,0,0,0.0,1
quantum,ransomblog_noname,True,0,0,0,0.0,1
mallox,revil,True,0,0,0,0.0,1
clop,losttrust,True,0,0,0,0.0,1
alphalocker,werewolves,True,0,0,0,0.0,1
ransomhub,werewolves,True,0,0,0,0.0,1
midas,stormous,True,0,0,0,0.0,1
noescape,royal,True,0,0,0,0.0,1
lv,royal,True,0,0,0,0.0,1
lv,mallox,True,0,0,0,0.0,1
blackbyte,xinglocker,True,0,0,0,0.0,1
spook,xinglocker,True,0,0,0,0.0,1
cheers,donutleaks,True,0,0,0,0.0,1
medusa,redransomware,True,0,0,0,0.0,1
hiveleak,unsafeleak,True,0,0,0,0.0,1
cloak,redransomware,True,0,0,0,0.0,1
apt73,snatch,True,0,0,0,0.0,1
cheers,suncrypt,True,0,0,0,0.0,1
darkleakmarket,mindware,True,0,0,0,0.0,1
arvinclub,losttrust,True,0,0,0,0.0,1
cryp70n1c0d3,snatch,True,0,0,0,0.0,1
kelvinsecurity,mindware,True,0,0,0,0.0,1
midas,mosesstaff,True,0,0,0,0.0,1
cryp70n1c0d3,payloadbin,True,0,0,0,0.0,1
mosesstaff,snatch,True,0,0,0,0.0,1
alphalocker,alphv,True,0,0,0,0.0,1
cryp70n1c0d3,midas,True,0,0,0,0.0,1
hiveleak,payloadbin,True,0,0,0,0.0,1
mosesstaff,payloadbin,True,0,0,0,0.0,1
arcusmedia,redransomware,True,0,0,0,0.0,1
losttrust,ransomedvc,True,0,0,0,0.0,1
onyx,royal,True,0,0,0,0.0,1
mallox,onyx,True,0,0,0,0.0,1
arvinclub,avoslocker,True,0,0,0,0.0,1
avoslocker,revil,True,0,0,0,0.0,1
avoslocker,everest,True,0,0,0,0.0,1
avoslocker,darkleakmarket,True,0,0,0,0.0,1
avoslocker,azroteam,True,0,0,0,0.0,1
avoslocker,suncrypt,True,0,0,0,0.0,1
dispossessor,eldorado,True,0,0,0,0.0,1
avoslocker,cuba,True,0,0,0,0.0,1
avoslocker,lockbit2,True,0,0,0,0.0,1
avaddon,avoslocker,True,0,0,0,0.0,1
avoslocker,ransomexx,True,0,0,0,0.0,1
daixin,icefire,True,0,0,0,0.0,1
avoslocker,quantum,True,0,0,0,0.0,1
avoslocker,nefilim,True,0,0,0,0.0,1
avoslocker,groove,True,0,0,0,0.0,1
alphv,avoslocker,True,0,0,0,0.0,1
avoslocker,blackmatter,True,0,0,0,0.0,1
avoslocker,mountlocker,True,0,0,0,0.0,1
FOG,dispossessor,True,0,0,0,0.0,1
avoslocker,conti,True,0,0,0,0.0,1
avoslocker,clop,True,0,0,0,0.0,1
avoslocker,payloadbin,True,0,0,0,0.0,1
dispossessor,handala,True,0,0,0,0.0,1
avoslocker,pysa,True,0,0,0,0.0,1
blacksuit,unsafeleak,True,0,0,0,0.0,1
8base,unsafeleak,True,0,0,0,0.0,1
FOG,alphalocker,True,0,0,0,0.0,1
darkleakmarket,ransomhouse,True,0,0,0,0.0,1
alphalocker,dispossessor,True,0,0,0,0.0,1
alphalocker,handala,True,0,0,0,0.0,1
freecivilian,nokoyawa,True,0,0,0,0.0,1
lockbit3_cronos,werewolves,True,0,0,0,0.0,1
alphalocker,eldorado,True,0,0,0,0.0,1
kelvinsecurity,ransomhouse,True,0,0,0,0.0,1
cactus,nokoyawa,True,0,0,0,0.0,1
blackbyte,spook,True,0,0,0,0.0,1
losttrust,ragnarlocker,True,0,0,0,0.0,1
leaktheanalyst,sabbath,True,0,0,0,0.0,1
lv,pysa,True,0,0,0,0.0,1
pysa,sabbath,True,0,0,0,0.0,1
sabbath,vicesociety,True,0,0,0,0.0,1
karakurt,ransomedvc,True,0,0,0,0.0,1
ransomblog_noname,revil,True,0,0,0,0.0,1
kelvinsecurity,midas,True,0,0,0,0.0,1
termite,trinity,True,0,0,0,0.0,1
braincipher,trinity,True,0,0,0,0.0,1
hunters,siegedsec,True,0,0,0,0.0,1
meow,siegedsec,True,0,0,0,0.0,1
bashe,trinity,True,0,0,0,0.0,1
lv,ransomblog_noname,True,0,0,0,0.0,1
alphv,lockbit3_cronos,True,0,0,0,0.0,1
kairos,trinity,True,0,0,0,0.0,1
hunters,lorenz,True,0,0,0,0.0,1
marketo,mosesstaff,True,0,0,0,0.0,1
ciphbit,losttrust,True,0,0,0,0.0,1
embargo,snatch,True,0,0,0,0.0,1
losttrust,threeam,True,0,0,0,0.0,1
hiveleak,nokoyawa,True,0,0,0,0.0,1
snatch,spacebears,True,0,0,0,0.0,1
dAn0n,snatch,True,0,0,0,0.0,1
lorenz,meow,True,0,0,0,0.0,1
lockbit3_fs,ransomhub,True,0,0,0,0.0,1
alphalocker,lockbit3_fs,True,0,0,0,0.0,1
cryp70n1c0d3,marketo,True,0,0,0,0.0,1
flocker,snatch,True,0,0,0,0.0,1
snatch,underground,True,0,0,0,0.0,1
knight,royal,True,0,0,0,0.0,1
cheers,conti,True,0,0,0,0.0,1
blackbasta,mindware,True,0,0,0,0.0,1
blackout,werewolves,True,0,0,0,0.0,1
alphalocker,lockbit3_cronos,True,0,0,0,0.0,1
killsecurity,trigona,True,0,0,0,0.0,1
lockbit3_cronos,ransomhub,True,0,0,0,0.0,1
karakurt,threeam,True,0,0,0,0.0,1
leaktheanalyst,stormous,True,0,0,0,0.0,1
ciphbit,karakurt,True,0,0,0,0.0,1
midas,pysa,True,0,0,0,0.0,1
pysa,snatch,True,0,0,0,0.0,1
onyx,ransomblog_noname,True,0,0,0,0.0,1
nitrogen,sarcoma,True,0,0,0,0.0,1
mindware,onyx,True,0,0,0,0.0,1
leaktheanalyst,payloadbin,True,0,0,0,0.0,1
payloadbin,vicesociety,True,0,0,0,0.0,1
alphv,blackout,True,0,0,0,0.0,1
meow,noescape,True,0,0,0,0.0,1
hunters,noescape,True,0,0,0,0.0,1
dAn0n,helldown,True,0,0,0,0.0,1
cloak,killsecurity,True,0,0,0,0.0,1
killsecurity,medusa,True,0,0,0,0.0,1
dAn0n,lynx,True,0,0,0,0.0,1
lockbit3_cronos,lockbit3_fs,True,0,0,0,0.0,1
donutleaks,sarcoma,True,0,0,0,0.0,1
donutleaks,nitrogen,True,0,0,0,0.0,1
apt73,lynx,True,0,0,0,0.0,1
rhysida,vicesociety,True,0,0,0,0.0,1
apt73,helldown,True,0,0,0,0.0,1
redransomware,werewolves,True,0,0,0,0.0,1
bashe,meow,True,0,0,0,0.0,1
kairos,meow,True,0,0,0,0.0,1
braincipher,meow,True,0,0,0,0.0,1
meow,termite,True,0,0,0,0.0,1
cheers,sparta,True,0,0,0,0.0,1
avaddon,conti,True,0,0,0,0.0,1
avaddon,everest,True,0,0,0,0.0,1
avaddon,cuba,True,0,0,0,0.0,1
avaddon,lockbit2,True,0,0,0,0.0,1
arvinclub,avaddon,True,0,0,0,0.0,1
avaddon,payloadbin,True,0,0,0,0.0,1
avaddon,pysa,True,0,0,0,0.0,1
avaddon,blackmatter,True,0,0,0,0.0,1
avaddon,ransomexx,True,0,0,0,0.0,1
avaddon,nefilim,True,0,0,0,0.0,1
avaddon,mountlocker,True,0,0,0,0.0,1
avaddon,quantum,True,0,0,0,0.0,1
avaddon,darkleakmarket,True,0,0,0,0.0,1
avaddon,groove,True,0,0,0,0.0,1
avaddon,azroteam,True,0,0,0,0.0,1
avaddon,suncrypt,True,0,0,0,0.0,1
azroteam,revil,True,0,0,0,0.0,1
alphv,azroteam,True,0,0,0,0.0,1
avaddon,clop,True,0,0,0,0.0,1
azroteam,ransomexx,True,0,0,0,0.0,1
alphv,avaddon,True,0,0,0,0.0,1
azroteam,nefilim,True,0,0,0,0.0,1
avaddon,revil,True,0,0,0,0.0,1
azroteam,quantum,True,0,0,0,0.0,1
azroteam,darkleakmarket,True,0,0,0,0.0,1
azroteam,groove,True,0,0,0,0.0,1
azroteam,suncrypt,True,0,0,0,0.0,1
azroteam,lockbit2,True,0,0,0,0.0,1
azroteam,everest,True,0,0,0,0.0,1
arvinclub,azroteam,True,0,0,0,0.0,1
azroteam,payloadbin,True,0,0,0,0.0,1
azroteam,cuba,True,0,0,0,0.0,1
azroteam,conti,True,0,0,0,0.0,1
azroteam,blackmatter,True,0,0,0,0.0,1
azroteam,pysa,True,0,0,0,0.0,1
azroteam,clop,True,0,0,0,0.0,1
darkleakmarket,nefilim,True,0,0,0,0.0,1
nefilim,pysa,True,0,0,0,0.0,1
hiveleak,mosesstaff,True,0,0,0,0.0,1
cryp70n1c0d3,mosesstaff,True,0,0,0,0.0,1
8base,nitrogen,True,0,0,0,0.0,1
8base,sarcoma,True,0,0,0,0.0,1
clop,nefilim,True,0,0,0,0.0,1
conti,nefilim,True,0,0,0,0.0,1
nefilim,payloadbin,True,0,0,0,0.0,1
cuba,nefilim,True,0,0,0,0.0,1
mountlocker,nefilim,True,0,0,0,0.0,1
nefilim,ransomexx,True,0,0,0,0.0,1
blackmatter,nefilim,True,0,0,0,0.0,1
nefilim,quantum,True,0,0,0,0.0,1
cryp70n1c0d3,hiveleak,True,0,0,0,0.0,1
alphv,nefilim,True,0,0,0,0.0,1
groove,nefilim,True,0,0,0,0.0,1
arvinclub,nefilim,True,0,0,0,0.0,1
everest,nefilim,True,0,0,0,0.0,1
lockbit2,nefilim,True,0,0,0,0.0,1
nefilim,suncrypt,True,0,0,0,0.0,1
nefilim,revil,True,0,0,0,0.0,1
cicada3301,nitrogen,True,0,0,0,0.0,1
helldown,termite,True,0,0,0,0.0,1
braincipher,helldown,True,0,0,0,0.0,1
helldown,kairos,True,0,0,0,0.0,1
bashe,helldown,True,0,0,0,0.0,1
cicada3301,sarcoma,True,0,0,0,0.0,1
marketo,pysa,True,0,0,0,0.0,1
cactus,royal,True,0,0,0,0.0,1
lorenz,siegedsec,True,0,0,0,0.0,1
play,quantum,True,0,0,0,0.0,1
karakurt,quantum,True,0,0,0,0.0,1
alphv,redransomware,True,0,0,0,0.0,1
blackout,lockbit3_fs,True,0,0,0,0.0,1
kelvinsecurity,leaktheanalyst,True,0,0,0,0.0,1
donutleaks,icefire,True,0,0,0,0.0,1
mindware,ransomhouse,True,0,0,0,0.0,1
cheers,darkleakmarket,True,0,0,0,0.0,1
karakurt,losttrust,True,0,0,0,0.0,1
cheers,kelvinsecurity,True,0,0,0,0.0,1
freecivilian,hiveleak,True,0,0,0,0.0,1
dragonforce,siegedsec,True,0,0,0,0.0,1
noescape,vicesociety,True,0,0,0,0.0,1
blackout,lockbit3_cronos,True,0,0,0,0.0,1
incransom,nokoyawa,True,0,0,0,0.0,1
dragonforce,lorenz,True,0,0,0,0.0,1
redransomware,trinity,True,0,0,0,0.0,1
dispossessor,helldown,True,0,0,0,0.0,1
noescape,siegedsec,True,0,0,0,0.0,1
avoslocker,spook,True,0,0,0,0.0,1
dispossessor,lynx,True,0,0,0,0.0,1
avoslocker,blackbyte,True,0,0,0,0.0,1
rhysida,unsafeleak,True,0,0,0,0.0,1
alphalocker,helldown,True,0,0,0,0.0,1
alphalocker,lynx,True,0,0,0,0.0,1
cicada3301,redransomware,True,0,0,0,0.0,1
siegedsec,werewolves,True,0,0,0,0.0,1
arcusmedia,snatch,True,0,0,0,0.0,1
eldorado,mallox,True,0,0,0,0.0,1
lorenz,werewolves,True,0,0,0,0.0,1
lockbit3_fs,redransomware,True,0,0,0,0.0,1
dispossessor,dunghill_leak,True,0,0,0,0.0,1
dunghill_leak,eldorado,True,0,0,0,0.0,1
dunghill_leak,handala,True,0,0,0,0.0,1
FOG,dunghill_leak,True,0,0,0,0.0,1
FOG,mallox,True,0,0,0,0.0,1
handala,mallox,True,0,0,0,0.0,1
dispossessor,mallox,True,0,0,0,0.0,1
lockbit3,suncrypt,True,0,0,0,0.0,1
alphalocker,cuba,True,0,0,0,0.0,1
cuba,ransomhub,True,0,0,0,0.0,1
darkvault,trigona,True,0,0,0,0.0,1
blackbasta,midas,True,0,0,0,0.0,1
mosesstaff,pysa,True,0,0,0,0.0,1
hiveleak,pysa,True,0,0,0,0.0,1
alphalocker,ransomedvc,True,0,0,0,0.0,1
ransomedvc,ransomhub,True,0,0,0,0.0,1
cryp70n1c0d3,pysa,True,0,0,0,0.0,1
karakurt,revil,True,0,0,0,0.0,1
play,revil,True,0,0,0,0.0,1
metaencryptor,nokoyawa,True,0,0,0,0.0,1
lockbit3_cronos,redransomware,True,0,0,0,0.0,1
monti,quantum,True,0,0,0,0.0,1
mosesstaff,vicesociety,True,0,0,0,0.0,1
dragonforce,noescape,True,0,0,0,0.0,1
karakurt,lv,True,0,0,0,0.0,1
lv,play,True,0,0,0,0.0,1
cryp70n1c0d3,leaktheanalyst,True,0,0,0,0.0,1
cryp70n1c0d3,vicesociety,True,0,0,0,0.0,1
leaktheanalyst,mosesstaff,True,0,0,0,0.0,1
midas,onyx,True,0,0,0,0.0,1
killsecurity,werewolves,True,0,0,0,0.0,1
darkvault,medusa,True,0,0,0,0.0,1
qilin,sparta,True,0,0,0,0.0,1
bianlian,lockbit2,True,0,0,0,0.0,1
cloak,darkvault,True,0,0,0,0.0,1
noescape,unsafeleak,True,0,0,0,0.0,1
noescape,werewolves,True,0,0,0,0.0,1
quantum,unsafeleak,True,0,0,0,0.0,1
bashe,sarcoma,True,0,0,0,0.0,1
kairos,sarcoma,True,0,0,0,0.0,1
braincipher,sarcoma,True,0,0,0,0.0,1
sarcoma,termite,True,0,0,0,0.0,1
cuba,lockbit3_cronos,True,0,0,0,0.0,1
blackmatter,sabbath,True,0,0,0,0.0,1
blackmatter,lv,True,0,0,0,0.0,1
nitrogen,stormous,True,0,0,0,0.0,1
alphv,killsecurity,True,0,0,0,0.0,1
lockbit3_cronos,ransomedvc,True,0,0,0,0.0,1
knight,vicesociety,True,0,0,0,0.0,1
sarcoma,stormous,True,0,0,0,0.0,1
bashe,donutleaks,True,0,0,0,0.0,1
donutleaks,termite,True,0,0,0,0.0,1
braincipher,donutleaks,True,0,0,0,0.0,1
onyx,play,True,0,0,0,0.0,1
karakurt,onyx,True,0,0,0,0.0,1
lockbit3_fs,siegedsec,True,0,0,0,0.0,1
donutleaks,kairos,True,0,0,0,0.0,1
midas,mindware,True,0,0,0,0.0,1
lockbit3_fs,lorenz,True,0,0,0,0.0,1
conti,lockbit3,True,0,0,0,0.0,1
groove,sabbath,True,0,0,0,0.0,1
incransom,royal,True,0,0,0,0.0,1
groove,lv,True,0,0,0,0.0,1
braincipher,cicada3301,True,0,0,0,0.0,1
cheers,mindware,True,0,0,0,0.0,1
monti,revil,True,0,0,0,0.0,1
cheers,qilin,True,0,0,0,0.0,1
8base,kairos,True,0,0,0,0.0,1
8base,bashe,True,0,0,0,0.0,1
icefire,sparta,True,0,0,0,0.0,1
8base,braincipher,True,0,0,0,0.0,1
bashe,cicada3301,True,0,0,0,0.0,1
cicada3301,kairos,True,0,0,0,0.0,1
cicada3301,termite,True,0,0,0,0.0,1
8base,termite,True,0,0,0,0.0,1
cloak,nokoyawa,True,0,0,0,0.0,1
midas,ransomhouse,True,0,0,0,0.0,1
blackmatter,snatch,True,0,0,0,0.0,1
azroteam,spook,True,0,0,0,0.0,1
avaddon,spook,True,0,0,0,0.0,1
azroteam,blackbyte,True,0,0,0,0.0,1
blackbyte,nitrogen,True,0,0,0,0.0,1
avaddon,blackbyte,True,0,0,0,0.0,1
blackbyte,sarcoma,True,0,0,0,0.0,1
lv,monti,True,0,0,0,0.0,1
blackout,cuba,True,0,0,0,0.0,1
blackbyte,nefilim,True,0,0,0,0.0,1
nefilim,spook,True,0,0,0,0.0,1
blackmatter,midas,True,0,0,0,0.0,1
blackout,ransomedvc,True,0,0,0,0.0,1
bianlian,suncrypt,True,0,0,0,0.0,1
apt73,trigona,True,0,0,0,0.0,1
pysa,vicesociety,True,0,0,0,0.0,1
leaktheanalyst,pysa,True,0,0,0,0.0,1
lv,xinglocker,True,0,0,0,0.0,1
sabbath,xinglocker,True,0,0,0,0.0,1
killsecurity,lockbit3_fs,True,0,0,0,0.0,1
nokoyawa,quantum,True,0,0,0,0.0,1
revil,unsafeleak,True,0,0,0,0.0,1
lockbit3_fs,noescape,True,0,0,0,0.0,1
blackbasta,leaktheanalyst,True,0,0,0,0.0,1
hunters,knight,True,0,0,0,0.0,1
metaencryptor,royal,True,0,0,0,0.0,1
lv,unsafeleak,True,0,0,0,0.0,1
knight,meow,True,0,0,0,0.0,1
apt73,cloak,True,0,0,0,0.0,1
killsecurity,lockbit3_cronos,True,0,0,0,0.0,1
cactus,vicesociety,True,0,0,0,0.0,1
groove,snatch,True,0,0,0,0.0,1
groove,midas,True,0,0,0,0.0,1
apt73,medusa,True,0,0,0,0.0,1
knight,unsafeleak,True,0,0,0,0.0,1
leaktheanalyst,onyx,True,0,0,0,0.0,1
monti,onyx,True,0,0,0,0.0,1
cuba,redransomware,True,0,0,0,0.0,1
blackmatter,marketo,True,0,0,0,0.0,1
ransomedvc,redransomware,True,0,0,0,0.0,1
snatch,trinity,True,0,0,0,0.0,1
lv,spook,True,0,0,0,0.0,1
midas,xinglocker,True,0,0,0,0.0,1
sabbath,spook,True,0,0,0,0.0,1
snatch,xinglocker,True,0,0,0,0.0,1
darkleakmarket,lockbit3,True,0,0,0,0.0,1
trigona,underground,True,0,0,0,0.0,1
nokoyawa,ransomedvc,True,0,0,0,0.0,1
embargo,trigona,True,0,0,0,0.0,1
flocker,trigona,True,0,0,0,0.0,1
dunghill_leak,helldown,True,0,0,0,0.0,1
dunghill_leak,lynx,True,0,0,0,0.0,1
onyx,unsafeleak,True,0,0,0,0.0,1
darkvault,werewolves,True,0,0,0,0.0,1
lynx,mallox,True,0,0,0,0.0,1
spacebears,trigona,True,0,0,0,0.0,1
dAn0n,trigona,True,0,0,0,0.0,1
helldown,mallox,True,0,0,0,0.0,1
cicada3301,snatch,True,0,0,0,0.0,1
daixin,lockbit2,True,0,0,0,0.0,1
kelvinsecurity,lockbit3,True,0,0,0,0.0,1
marketo,stormous,True,0,0,0,0.0,1
leaktheanalyst,mindware,True,0,0,0,0.0,1
bianlian,conti,True,0,0,0,0.0,1
freecivilian,medusa,True,0,0,0,0.0,1
groove,marketo,True,0,0,0,0.0,1
nokoyawa,revil,True,0,0,0,0.0,1
lv,nokoyawa,True,0,0,0,0.0,1
alphv,darkvault,True,0,0,0,0.0,1
cloak,spacebears,True,0,0,0,0.0,1
cloak,underground,True,0,0,0,0.0,1
cloak,dAn0n,True,0,0,0,0.0,1
dAn0n,medusa,True,0,0,0,0.0,1
medusa,spacebears,True,0,0,0,0.0,1
flocker,medusa,True,0,0,0,0.0,1
cloak,embargo,True,0,0,0,0.0,1
medusa,underground,True,0,0,0,0.0,1
embargo,medusa,True,0,0,0,0.0,1
cloak,royal,True,0,0,0,0.0,1
nitrogen,ransomexx,True,0,0,0,0.0,1
snatch,spook,True,0,0,0,0.0,1
midas,spook,True,0,0,0,0.0,1
leaktheanalyst,ransomhouse,True,0,0,0,0.0,1
cactus,unsafeleak,True,0,0,0,0.0,1
ransomexx,sarcoma,True,0,0,0,0.0,1
knight,siegedsec,True,0,0,0,0.0,1
clop,meow,True,0,0,0,0.0,1
hiveleak,medusa,True,0,0,0,0.0,1
mountlocker,stormous,True,0,0,0,0.0,1
nokoyawa,threeam,True,0,0,0,0.0,1
marketo,xinglocker,True,0,0,0,0.0,1
ciphbit,nokoyawa,True,0,0,0,0.0,1
freecivilian,quantum,True,0,0,0,0.0,1
kairos,stormous,True,0,0,0,0.0,1
braincipher,stormous,True,0,0,0,0.0,1
stormous,termite,True,0,0,0,0.0,1
mallox,sparta,True,0,0,0,0.0,1
royal,sparta,True,0,0,0,0.0,1
bashe,stormous,True,0,0,0,0.0,1
FOG,redransomware,True,0,0,0,0.0,1
dispossessor,redransomware,True,0,0,0,0.0,1
handala,redransomware,True,0,0,0,0.0,1
eldorado,redransomware,True,0,0,0,0.0,1
blackmatter,cryp70n1c0d3,True,0,0,0,0.0,1
blackmatter,hiveleak,True,0,0,0,0.0,1
blackmatter,mosesstaff,True,0,0,0,0.0,1
nokoyawa,onyx,True,0,0,0,0.0,1
cheers,midas,True,0,0,0,0.0,1
kelvinsecurity,marketo,True,0,0,0,0.0,1
arvinclub,hunters,True,0,0,0,0.0,1
daixin,suncrypt,True,0,0,0,0.0,1
arvinclub,meow,True,0,0,0,0.0,1
darkvault,lockbit3_fs,True,0,0,0,0.0,1
dragonforce,knight,True,0,0,0,0.0,1
icefire,qilin,True,0,0,0,0.0,1
groove,hiveleak,True,0,0,0,0.0,1
apt73,werewolves,True,0,0,0,0.0,1
blackbyte,termite,True,0,0,0,0.0,1
cryp70n1c0d3,groove,True,0,0,0,0.0,1
groove,mosesstaff,True,0,0,0,0.0,1
blackbyte,braincipher,True,0,0,0,0.0,1
bashe,blackbyte,True,0,0,0,0.0,1
marketo,spook,True,0,0,0,0.0,1
cuba,killsecurity,True,0,0,0,0.0,1
blackbyte,kairos,True,0,0,0,0.0,1
bianlian,darkleakmarket,True,0,0,0,0.0,1
hunters,ragnarlocker,True,0,0,0,0.0,1
meow,ragnarlocker,True,0,0,0,0.0,1
killsecurity,ransomedvc,True,0,0,0,0.0,1
darkvault,lockbit3_cronos,True,0,0,0,0.0,1
knight,werewolves,True,0,0,0,0.0,1
cheers,mallox,True,0,0,0,0.0,1
cheers,royal,True,0,0,0,0.0,1
bianlian,kelvinsecurity,True,0,0,0,0.0,1
ransomedvc,royal,True,0,0,0,0.0,1
incransom,vicesociety,True,0,0,0,0.0,1
kelvinsecurity,mountlocker,True,0,0,0,0.0,1
mosesstaff,xinglocker,True,0,0,0,0.0,1
hiveleak,xinglocker,True,0,0,0,0.0,1
alphv,apt73,True,0,0,0,0.0,1
clop,siegedsec,True,0,0,0,0.0,1
icefire,lockbit2,True,0,0,0,0.0,1
cryp70n1c0d3,xinglocker,True,0,0,0,0.0,1
losttrust,nokoyawa,True,0,0,0,0.0,1
freecivilian,revil,True,0,0,0,0.0,1
ransomblog_noname,sparta,True,0,0,0,0.0,1
lockbit3,mindware,True,0,0,0,0.0,1
freecivilian,lv,True,0,0,0,0.0,1
arcusmedia,trigona,True,0,0,0,0.0,1
conti,daixin,True,0,0,0,0.0,1
donutleaks,lockbit2,True,0,0,0,0.0,1
avoslocker,lv,True,0,0,0,0.0,1
avoslocker,sabbath,True,0,0,0,0.0,1
blackmatter,vicesociety,True,0,0,0,0.0,1
blackmatter,leaktheanalyst,True,0,0,0,0.0,1
dAn0n,werewolves,True,0,0,0,0.0,1
flocker,werewolves,True,0,0,0,0.0,1
royal,threeam,True,0,0,0,0.0,1
embargo,werewolves,True,0,0,0,0.0,1
arvinclub,siegedsec,True,0,0,0,0.0,1
ciphbit,royal,True,0,0,0,0.0,1
underground,werewolves,True,0,0,0,0.0,1
metaencryptor,vicesociety,True,0,0,0,0.0,1
spacebears,werewolves,True,0,0,0,0.0,1
arcusmedia,medusa,True,0,0,0,0.0,1
arcusmedia,cloak,True,0,0,0,0.0,1
hiveleak,spook,True,0,0,0,0.0,1
mosesstaff,spook,True,0,0,0,0.0,1
cryp70n1c0d3,spook,True,0,0,0,0.0,1
cheers,leaktheanalyst,True,0,0,0,0.0,1
knight,lockbit3_fs,True,0,0,0,0.0,1
freecivilian,onyx,True,0,0,0,0.0,1
apt73,lockbit3_fs,True,0,0,0,0.0,1
clop,werewolves,True,0,0,0,0.0,1
ragnarlocker,siegedsec,True,0,0,0,0.0,1
cheers,ransomblog_noname,True,0,0,0,0.0,1
alphv,spacebears,True,0,0,0,0.0,1
alphv,flocker,True,0,0,0,0.0,1
alphv,embargo,True,0,0,0,0.0,1
alphv,underground,True,0,0,0,0.0,1
alphv,dAn0n,True,0,0,0,0.0,1
ransomhub,siegedsec,True,0,0,0,0.0,1
incransom,unsafeleak,True,0,0,0,0.0,1
abyss,freecivilian,True,0,0,0,0.0,1
dAn0n,sarcoma,True,0,0,0,0.0,1
icefire,suncrypt,True,0,0,0,0.0,1
groove,vicesociety,True,0,0,0,0.0,1
dAn0n,nitrogen,True,0,0,0,0.0,1
alphalocker,siegedsec,True,0,0,0,0.0,1
groove,leaktheanalyst,True,0,0,0,0.0,1
apt73,nitrogen,True,0,0,0,0.0,1
avoslocker,snatch,True,0,0,0,0.0,1
alphalocker,lorenz,True,0,0,0,0.0,1
apt73,lockbit3_cronos,True,0,0,0,0.0,1
apt73,sarcoma,True,0,0,0,0.0,1
avoslocker,midas,True,0,0,0,0.0,1
arvinclub,dragonforce,True,0,0,0,0.0,1
lorenz,ransomhub,True,0,0,0,0.0,1
losttrust,meow,True,0,0,0,0.0,1
hunters,losttrust,True,0,0,0,0.0,1
braincipher,ransomexx,True,0,0,0,0.0,1
bashe,ransomexx,True,0,0,0,0.0,1
kairos,ransomexx,True,0,0,0,0.0,1
ransomexx,termite,True,0,0,0,0.0,1
sabbath,stormous,True,0,0,0,0.0,1
donutleaks,suncrypt,True,0,0,0,0.0,1
arvinclub,werewolves,True,0,0,0,0.0,1
vicesociety,xinglocker,True,0,0,0,0.0,1
leaktheanalyst,xinglocker,True,0,0,0,0.0,1
freecivilian,moneymessage,True,0,0,0,0.0,1
dragonforce,ragnarlocker,True,0,0,0,0.0,1
abyss,hiveleak,True,0,0,0,0.0,1
hunters,karakurt,True,0,0,0,0.0,1
karakurt,meow,True,0,0,0,0.0,1
lynx,redransomware,True,0,0,0,0.0,1
metaencryptor,unsafeleak,True,0,0,0,0.0,1
cloak,vicesociety,True,0,0,0,0.0,1
cuba,darkvault,True,0,0,0,0.0,1
helldown,redransomware,True,0,0,0,0.0,1
lockbit3_cronos,siegedsec,True,0,0,0,0.0,1
darkvault,ransomedvc,True,0,0,0,0.0,1
lockbit3_fs,underground,True,0,0,0,0.0,1
flocker,lockbit3_fs,True,0,0,0,0.0,1
lockbit3_fs,spacebears,True,0,0,0,0.0,1
daixin,darkleakmarket,True,0,0,0,0.0,1
embargo,lockbit3_fs,True,0,0,0,0.0,1
dAn0n,lockbit3_fs,True,0,0,0,0.0,1
bianlian,mindware,True,0,0,0,0.0,1
dispossessor,snatch,True,0,0,0,0.0,1
lockbit3_cronos,lorenz,True,0,0,0,0.0,1
FOG,snatch,True,0,0,0,0.0,1
handala,snatch,True,0,0,0,0.0,1
blackbasta,marketo,True,0,0,0,0.0,1
eldorado,snatch,True,0,0,0,0.0,1
daixin,kelvinsecurity,True,0,0,0,0.0,1
alphalocker,noescape,True,0,0,0,0.0,1
noescape,ransomhub,True,0,0,0,0.0,1
ragnarlocker,werewolves,True,0,0,0,0.0,1
avoslocker,marketo,True,0,0,0,0.0,1
flocker,lockbit3_cronos,True,0,0,0,0.0,1
hiveleak,moneymessage,True,0,0,0,0.0,1
dAn0n,lockbit3_cronos,True,0,0,0,0.0,1
embargo,lockbit3_cronos,True,0,0,0,0.0,1
lockbit3_cronos,spacebears,True,0,0,0,0.0,1
lockbit3_cronos,underground,True,0,0,0,0.0,1
clop,lockbit3_fs,True,0,0,0,0.0,1
marketo,onyx,True,0,0,0,0.0,1
avaddon,sabbath,True,0,0,0,0.0,1
avaddon,lv,True,0,0,0,0.0,1
spook,vicesociety,True,0,0,0,0.0,1
nefilim,sabbath,True,0,0,0,0.0,1
azroteam,lv,True,0,0,0,0.0,1
lv,nefilim,True,0,0,0,0.0,1
azroteam,sabbath,True,0,0,0,0.0,1
leaktheanalyst,spook,True,0,0,0,0.0,1
conti,icefire,True,0,0,0,0.0,1
payloadbin,stormous,True,0,0,0,0.0,1
dispossessor,sarcoma,True,0,0,0,0.0,1
dispossessor,nitrogen,True,0,0,0,0.0,1
alphalocker,nitrogen,True,0,0,0,0.0,1
kelvinsecurity,sabbath,True,0,0,0,0.0,1
icefire,royal,True,0,0,0,0.0,1
icefire,mallox,True,0,0,0,0.0,1
alphalocker,sarcoma,True,0,0,0,0.0,1
lockbit3,midas,True,0,0,0,0.0,1
blackbasta,mountlocker,True,0,0,0,0.0,1
lockbit2,sparta,True,0,0,0,0.0,1
losttrust,siegedsec,True,0,0,0,0.0,1
blackout,siegedsec,True,0,0,0,0.0,1
lockbit3_cronos,noescape,True,0,0,0,0.0,1
blackout,lorenz,True,0,0,0,0.0,1
arcusmedia,werewolves,True,0,0,0,0.0,1
arvinclub,lockbit3_fs,True,0,0,0,0.0,1
conti,donutleaks,True,0,0,0,0.0,1
dunghill_leak,freecivilian,True,0,0,0,0.0,1
karakurt,sparta,True,0,0,0,0.0,1
mountlocker,onyx,True,0,0,0,0.0,1
medusa,quantum,True,0,0,0,0.0,1
trigona,trinity,True,0,0,0,0.0,1
marketo,mindware,True,0,0,0,0.0,1
cloak,unsafeleak,True,0,0,0,0.0,1
ransomedvc,vicesociety,True,0,0,0,0.0,1
play,sparta,True,0,0,0,0.0,1
midas,nefilim,True,0,0,0,0.0,1
karakurt,siegedsec,True,0,0,0,0.0,1
avaddon,midas,True,0,0,0,0.0,1
avaddon,snatch,True,0,0,0,0.0,1
azroteam,midas,True,0,0,0,0.0,1
nefilim,snatch,True,0,0,0,0.0,1
lockbit3_fs,ragnarlocker,True,0,0,0,0.0,1
cicada3301,trigona,True,0,0,0,0.0,1
alphv,arcusmedia,True,0,0,0,0.0,1
avoslocker,cryp70n1c0d3,True,0,0,0,0.0,1
dragonforce,losttrust,True,0,0,0,0.0,1
apt73,cuba,True,0,0,0,0.0,1
avoslocker,mosesstaff,True,0,0,0,0.0,1
avoslocker,hiveleak,True,0,0,0,0.0,1
medusa,trinity,True,0,0,0,0.0,1
marketo,ransomhouse,True,0,0,0,0.0,1
redransomware,siegedsec,True,0,0,0,0.0,1
cloak,trinity,True,0,0,0,0.0,1
apt73,ransomedvc,True,0,0,0,0.0,1
dunghill_leak,hiveleak,True,0,0,0,0.0,1
blackout,noescape,True,0,0,0,0.0,1
lorenz,redransomware,True,0,0,0,0.0,1
kelvinsecurity,payloadbin,True,0,0,0,0.0,1
mindware,mountlocker,True,0,0,0,0.0,1
cicada3301,cloak,True,0,0,0,0.0,1
cicada3301,medusa,True,0,0,0,0.0,1
losttrust,werewolves,True,0,0,0,0.0,1
icefire,ransomblog_noname,True,0,0,0,0.0,1
dragonforce,karakurt,True,0,0,0,0.0,1
ciphbit,vicesociety,True,0,0,0,0.0,1
freecivilian,trigona,True,0,0,0,0.0,1
threeam,vicesociety,True,0,0,0,0.0,1
dAn0n,kairos,True,0,0,0,0.0,1
dAn0n,termite,True,0,0,0,0.0,1
sparta,suncrypt,True,0,0,0,0.0,1
braincipher,dAn0n,True,0,0,0,0.0,1
darkleakmarket,icefire,True,0,0,0,0.0,1
bashe,dAn0n,True,0,0,0,0.0,1
apt73,braincipher,True,0,0,0,0.0,1
icefire,kelvinsecurity,True,0,0,0,0.0,1
cheers,play,True,0,0,0,0.0,1
cheers,karakurt,True,0,0,0,0.0,1
apt73,termite,True,0,0,0,0.0,1
apt73,kairos,True,0,0,0,0.0,1
marketo,nefilim,True,0,0,0,0.0,1
avaddon,marketo,True,0,0,0,0.0,1
azroteam,marketo,True,0,0,0,0.0,1
daixin,mindware,True,0,0,0,0.0,1
karakurt,werewolves,True,0,0,0,0.0,1
arcusmedia,lockbit3_fs,True,0,0,0,0.0,1
mountlocker,ransomhouse,True,0,0,0,0.0,1
8base,cryptbb,False,8,0,0,0.0,0
nokoyawa,snatch,False,8,0,0,0.0,0
dispossessor,lockbit3,False,5,0,0,0.0,0
lockbit3,werewolves,False,5,0,0,0.0,0
lockbit3,ransomblog_noname2,False,4,0,0,0.0,0
bianlian,play,False,4,0,0,0.0,0
everest,ransomedvc,False,3,0,0,0.0,0
conti,hiveleak,False,3,0,0,0.0,0
bashe,blackbasta,False,3,0,0,0.0,0
blackbasta,hunters,False,3,0,0,0.0,0
blacksuit,meow,False,3,0,0,0.0,0
blackbasta,lockbit3,False,3,0,0,0.0,0
hunters,lynx,False,2,0,0,0.0,0
bianlian,lockbit3,False,2,0,0,0.0,0
lockbit3,snatch,False,2,0,0,0.0,0
blackbasta,play,False,2,0,0,0.0,0
8base,lockbit3,False,2,0,0,0.0,0
lockbit3,play,False,2,0,0,0.0,0
bianlian,cactus,False,2,0,0,0.0,0
lockbit3,trigona,False,2,0,0,0.0,0
alphv,snatch,False,1,0,0,0.0,0
alphv,ransomhouse,False,1,0,0,0.0,0
cactus,noescape,False,1,0,0,0.0,0
cactus,incransom,False,1,0,0,0.0,0
alphv,incransom,False,1,0,0,0.0,0
alphv,cactus,False,1,0,0,0.0,0
alphv,donutleaks,False,1,0,0,0.0,0
8base,ransomhub,False,1,0,0,0.0,0
bianlian,blackbasta,False,1,0,0,0.0,0
bianlian,medusa,False,1,0,0,0.0,0
blackbasta,cactus,False,1,0,0,0.0,0
apt73,blackbasta,False,1,0,0,0.0,0
bianlian,ransomhub,False,1,0,0,0.0,0
blackbasta,nokoyawa,False,1,0,0,0.0,0
blackbasta,lynx,False,1,0,0,0.0,0
blackbasta,royal,False,1,0,0,0.0,0
blackbasta,ragroup,False,1,0,0,0.0,0
alphv,blackbyte,False,1,0,0,0.0,0
8base,blackbyte,False,1,0,0,0.0,0
FOG,play,False,1,0,0,0.0,0
akira,lynx,False,1,0,0,0.0,0
8base,alphv,False,1,0,0,0.0,0
dragonforce,ransomhub,False,1,0,0,0.0,0
dragonforce,hunters,False,1,0,0,0.0,0
donutleaks,incransom,False,1,0,0,0.0,0
conti,onyx,False,1,0,0,0.0,0
conti,marketo,False,1,0,0,0.0,0
conti,lv,False,1,0,0,0.0,0
conti,lockbit2,False,1,0,0,0.0,0
clop,stormous,False,1,0,0,0.0,0
clop,ransomhouse,False,1,0,0,0.0,0
cactus,threeam,False,1,0,0,0.0,0
cactus,qilin,False,1,0,0,0.0,0
abyss,clop,False,1,0,0,0.0,0
cactus,ransomhub,False,1,0,0,0.0,0
dispossessor,hunters,False,1,0,0,0.0,0
incransom,meow,False,1,0,0,0.0,0
hunters,ransomhouse,False,1,0,0,0.0,0
hunters,ransomhub,False,1,0,0,0.0,0
hunters,lockbit3,False,1,0,0,0.0,0
donutleaks,lockbit3,False,1,0,0,0.0,0
darkvault,lockbit3,False,1,0,0,0.0,0
blacksuit,lockbit3,False,1,0,0,0.0,0
cactus,lockbit3,False,1,0,0,0.0,0
donutleaks,hiveleak,False,1,0,0,0.0,0
hiveleak,lockbit2,False,1,0,0,0.0,0
everest,lockbit3,False,1,0,0,0.0,0
blackbasta,hiveleak,False,1,0,0,0.0,0
bianlian,hiveleak,False,1,0,0,0.0,0
conti,everest,False,1,0,0,0.0,0
dunghill_leak,lockbit3,False,1,0,0,0.0,0
lockbit3,mallox,False,1,0,0,0.0,0
bianlian,lynx,False,1,0,0,0.0,0
lockbit3,threeam,False,1,0,0,0.0,0
lockbit3,losttrust,False,1,0,0,0.0,0
lockbit3,lynx,False,1,0,0,0.0,0
lockbit3,medusa,False,1,0,0,0.0,0
alphv,monti,False,1,0,0,0.0,0
losttrust,noescape,False,1,0,0,0.0,0
donutleaks,monti,False,1,0,0,0.0,0
play,qilin,False,1,0,0,0.0,0
play,ransomhub,False,1,0,0,0.0,0
play,rhysida,False,1,0,0,0.0,0
play,safepay,False,1,0,0,0.0,0
meow,qilin,False,1,0,0,0.0,0
lynx,play,False,1,0,0,0.0,0
medusa,play,False,1,0,0,0.0,0
conti,ransomexx,False,1,0,0,0.0,0
blackbasta,ransomexx,False,1,0,0,0.0,0
mountlocker,ragnarlocker,False,1,0,0,0.0,0
bianlian,ransomhouse,False,1,0,0,0.0,0
incransom,ransomhouse,False,1,0,0,0.0,0
ransomhouse,snatch,False,1,0,0,0.0,0
embargo,ransomhub,False,1,0,0,0.0,0
lockbit3,ransomexx,False,1,0,0,0.0,0
incransom,ransomhub,False,1,0,0,0.0,0
cactus,redransomware,False,1,0,0,0.0,0
revil,snatch,False,1,0,0,0.0,0
lockbit3,royal,False,1,0,0,0.0,0
abyss,ransomhouse,False,1,0,0,0.0,0
cactus,snatch,False,1,0,0,0.0,0
8base,snatch,False,1,0,0,0.0,0
stormous,suncrypt,False,1,0,0,0.0,0
ransomhub,trinity,False,1,0,0,0.0,0
karakurt,vicesociety,False,1,0,0,0.0,0
