key,first_group,second_group,first_name,second_name,first_date,second_date,gap_days,first_group_still_active
51talk,lockbit2,lockbit3,51talk.com,51talk.com,2021-09-19,2025-03-18,1276,False
aarenscientific,play,hunters,Aaren Scientific,Aaren Scientific,2024-10-08,2024-10-15,7,True
abcseamless,snatch,safepay,ABC Seamless,abcseamless.com,2021-12-14,2026-01-19,1497,False
abmenviro,ransomhub,qilin,www.abmenviro.ca,ABM Enviro,2025-03-21,2026-07-23,489,False
acac,lockbit2,lockbit3,acac.com,acac.com,2022-06-20,2022-07-08,18,False
acac,lockbit2,werewolves,acac.com,acac.com,2022-06-20,2023-12-21,549,False
acac,lockbit3,werewolves,acac.com,acac.com,2022-07-08,2023-12-21,531,True
acdcexpress,lockbit3,lynx,acdcexpress.com,ACDC Express,2024-10-06,2025-03-07,152,True
aceaircargo,dragonforce,hunters,aceaircargo.com,ACE Air Cargo,2023-12-21,2024-03-09,79,True
ackermanplumbing,conti,onyx,Ackerman Plumbing,Ackerman Plumbing Inc,2022-04-02,2022-04-29,27,True
agilitasitsolutions,donutleaks,incransom,Agilitas IT Solutions Limited,Agilitas IT Solutions Limited,2023-09-19,2023-09-22,3,True
ai-thermal,lockbit3,qilin,ai-thermal.com,Air International Thermal Systems,2023-06-12,2026-08-26,1171,False
ajcfood,lockbit3,dispossessor,ajcfood.com,ajcfood.com,2023-11-17,2024-07-25,251,True
albanybank,alphv,lockbit3,Albany Bank and Trust Company - albanybank.com,albanybank.com,2022-02-05,2024-10-06,974,False
albertanewsprint,play,rhysida,Alberta Newsprint,Alberta Newsprint,2023-06-02,2023-06-28,26,True
aligntechnology,conti,marketo,Align Technology,"Align Technology, Inc",2021-10-02,2021-12-07,66,True
alphanovacapital,apt73,bashe,AlphaNovaCapital,AlphaNovaCapital,2024-06-11,2024-11-18,160,False
alvaria,hiveleak,royal,Alvaria,http://www.alvaria.com,2022-12-21,2023-04-10,110,False
amerplumb,lockbit2,ransomhub,amerplumb.com,amerplumb.com,2022-01-10,2025-01-10,1096,False
amiglobalassistance,apt73,bashe,AMI Global Assistance,AMI Global Assistance,2024-06-11,2024-11-18,160,False
amourgisassociates,hunters,lynx,Amourgis & Associates,Amourgis & Associates,2024-11-11,2025-01-03,53,True
annegrady,ransomhub,embargo,annegrady.org,annegrady.org,2025-02-05,2025-02-16,11,True
apexbrasil,lockbit2,lockbit3,apexbrasil.com.br,apexbrasil.com.br,2021-12-09,2024-10-06,1032,False
apexuknet,apt73,bashe,apex.uk.net,apex.uk.net,2024-06-11,2024-11-18,160,False
apsmsystems,vicesociety,karakurt,APSM Systems,APSM Systems,2022-03-29,2022-12-11,257,True
arangobillboard,blacksuit,meow,https://arangobillboard.com/,Arango Billboard,2024-06-25,2024-10-25,122,True
archcon,blackbasta,hunters,Arch-Con® Corporation,Arch-Con,2024-04-09,2024-09-13,157,True
ariasystems,hiveleak,bianlian,Aria Systems,Aria systems,2021-12-18,2022-12-15,362,True
armortex,lockbit3,bianlian,armortex.com,Armortex,2023-08-04,2023-08-12,8,True
aspectstructuralengineers,8base,cryptbb,Aspect Structural Engineers,Aspect Structural Engineers,2023-08-15,2023-09-15,31,True
astaphans,hunters,lynx,Astaphans,astaphans.com,2024-12-18,2025-01-07,20,True
atlascommodities,royal,lynx,http://www.atlascommodities.com,Atlas Commodities,2022-12-21,2025-02-10,782,False
attica,conti,hiveleak,Attica Group,Attica Group,2022-04-20,2022-04-28,8,True
automotionshade,alphv,lockbit3,automotionshade.com,automotionshade.com,2024-01-11,2024-03-16,65,False
avidxchange,clop,ransomhouse,AVIDXCHANGE.COM,AvidXchange,2023-03-18,2023-05-02,45,True
avidxchange,clop,abyss,AVIDXCHANGE.COM,avidxchange.com,2023-03-18,2023-05-08,51,True
avidxchange,ransomhouse,abyss,AvidXchange,avidxchange.com,2023-05-02,2023-05-08,6,True
axipenergyservices,play,hunters,Axip Energy Services,Axip Energy Services,2024-04-26,2024-06-07,42,True
bataviacontainer,lockbit2,abyss,bataviacontainer.com,bataviacontainer.com,2021-10-21,2024-12-19,1155,False
beckerlaw,lockbit2,lockbit3,beckerlaw.com,beckerlaw.com,2022-04-22,2022-08-13,113,False
bennetts,lockbit2,lockbit3_fs,bennetts.com.au,ad.bennetts.com.au,2021-09-10,2024-01-01,843,False
besttaxfiler,lockbit2,lockbit3,besttaxfiler.co...,besttaxfiler.com,2021-11-06,2022-08-13,280,False
bigalsfoodservice,apt73,bashe,www.bigalsfoodservice.co.uk,www.bigalsfoodservice.co.uk,2024-06-13,2024-11-18,158,False
bioclimaservice,everest,lockbit3,Bio-Clima Service Srl,bioclimaservice.it,2024-11-15,2025-03-25,130,True
birdair,lockbit3,play,birdair.com,Birdair,2023-06-06,2024-11-19,532,True
bluebonnetnutrition,clop,bianlian,BLUEBONNETNUTRITION.COM,Bluebonnet Nutrition,2021-10-05,2024-05-18,956,False
borrerexecutivesearch,apt73,bashe,Borrer Executive Search,Borrer Executive Search,2024-06-13,2024-11-18,158,False
bridgestoneamericas,lockbit2,lockbit3,bridgestoneamericas.com,bridgestoneamericas.com,2022-03-09,2024-10-06,942,False
bridgeway,pysa,clop,Bridgeway Inc,BRIDGEWAY.COM.PH,2021-09-09,2023-03-24,561,False
brightwayconsultants,apt73,bashe,brightwayconsultants.co.uk,brightwayconsultants.co.uk,2024-05-23,2024-11-18,179,False
brownintegratedlogistics,lockbit3,dispossessor,brownintegratedlogistics.com,brownintegratedlogistics.com,2023-11-20,2024-07-25,248,True
bryconconstruction,ransomhouse,bianlian,BRYCON Construction,BRYCON Construction,2022-12-05,2022-12-12,7,True
buckprop,lockbit3,dispossessor,buckprop.com,buckprop.com,2023-05-31,2024-07-25,421,True
bydesign,meow,play,By Design LLC,By design,2024-10-25,2025-01-29,96,False
cachibi,lockbit2,lockbit3_fs,cachibi.co,cachibi.com.co,2022-03-12,2024-01-01,660,False
canadiannursesassociation,snatch,nokoyawa,Canadian Nurses Association,Canadian Nurses Association,2023-05-22,2023-05-23,1,True
canadianpsychologicalassociation,medusa,snatch,Canadian Psychological Association,Canadian Psychological Association,2023-11-05,2024-04-30,177,False
canaropa,blackbasta,nokoyawa,Canaropa,CANAROPA Inc,2022-06-21,2023-07-20,394,True
canstarrestorations,qilin,ransomhub,Canstar Restorations,canstarrestorations.com,2024-09-23,2024-10-05,12,True
capstoneins,payloadbin,ransomhub,Capstoneins.com,capstoneins.ca,2021-09-09,2025-02-04,1244,False
carespring,noescape,lockbit3,www.carespring.com,carespring.com,2023-11-14,2024-05-07,175,False
cclint,lockbit2,blackbyte,cclint.com,CCLint,2022-02-13,2022-10-26,255,False
centuryaluminum,lockbit2,lockbit3,centuryaluminum...,centuryaluminum.com,2022-03-25,2022-08-13,141,False
ceratube,lockbit2,lockbit3_fs,ceratube.ma,ceratube.net,2021-09-10,2024-01-01,843,False
ckassociates,play,bianlian,CK Associates,CK Associates,2023-10-28,2024-09-06,314,True
coca-cola,dragonforce,ransomhub,coca-cola.com.sg,coca-cola.com - Myanmar office,2023-12-18,2024-06-28,193,True
compactmould,play,ransomhub,Compact Mould,compactmould.com,2024-03-01,2025-02-24,360,True
compactmould,play,safepay,Compact Mould,compactmould.com,2024-03-01,2026-06-01,822,True
compactmould,ransomhub,safepay,compactmould.com,compactmould.com,2025-02-24,2026-06-01,462,False
compagniedephalsbourg,lockbit2,threeam,compagniedephalsbourg.com,compagniedephalsbourg.com,2022-04-19,2024-04-15,727,False
conferenceusa,payloadbin,abyss,conferenceusa.com,conferenceusa.com,2021-09-09,2024-06-27,1022,False
construct,avaddon,8base,Construct,CON-STRUCT,2021-09-09,2023-06-28,657,False
construct,avaddon,cryptbb,Construct,CON-STRUCT,2021-09-09,2023-09-15,736,False
construct,8base,cryptbb,CON-STRUCT,CON-STRUCT,2023-06-28,2023-09-15,79,True
corporatejobbank,cactus,bianlian,corporatejobbank.com\$22.8M\USA\65GB\&lt;1% DISCLOSED,Corporate Job Bank,2024-10-08,2024-10-15,7,True
cosmocolor,hunters,qilin,Cosmocolor,Cosmocolor SA de CV,2024-03-14,2026-08-28,897,False
creativeliquidcoatings,hiveleak,alphv,Creative Liquid Coatings INC,Creative Liquid Coatings,2022-01-25,2023-06-17,508,False
credio,apt73,bashe,www.credio.eu,www.credio.eu,2024-05-02,2024-11-18,200,False
crowe,clop,hunters,crowe.com,Crowe,2023-08-15,2024-08-27,378,False
d7roofing,lynx,bianlian,D-7 Roofing,D-7 Roofing,2025-01-07,2025-02-10,34,True
danaher,clop,stormous,DANAHER.COM,Danaher,2021-09-09,2022-04-25,228,True
danburypublicschools,8base,cryptbb,Danbury Public Schools,Danbury Public Schools,2023-07-11,2023-09-15,66,True
dassaultfalconjet,ragnarlocker,mountlocker,DASSAULT FALCON JET,Dassault Falcon Jet,2020-10-30,2022-02-08,466,True
davidsbridal,lockbit3,werewolves,davidsbridal.com,davidsbridal.com,2024-01-22,2024-03-07,45,True
davinci,stormous,play,davinci,daVinci,2023-03-30,2025-01-29,671,False
dcashpro,lockbit2,lockbit3,dcashpro.com,dcashpro.com,2021-12-21,2022-09-09,262,False
delawarelife,lockbit3,clop,delawarelife.com,delawarelife.com,2023-02-24,2023-08-11,168,True
depewgillen,ransomhub,incransom,www.depewgillen.com,depewgillen.com,2024-11-18,2025-01-09,52,True
designintoto,ransomhub,lockbit3,Design Intoto <www.designintoto.com.au>,designintoto.com.au,2024-04-26,2024-10-06,163,True
dietechnorthamerica,qilin,meow,DieTech North America,DieTech North America,2024-11-02,2024-11-14,12,True
dmcivil,cactus,incransom,DM Civil,DM Civil Co.,2023-09-21,2023-11-23,63,True
drilmaco,lockbit3,hunters,drilmaco.com,DrilMaco,2023-03-10,2023-12-05,270,True
ducont,hunters,dispossessor,Ducont,ducont.com,2024-02-08,2024-07-25,168,True
duttonbrock,alphv,lockbit3,Dutton Brock,duttonbrock.com,2024-01-29,2024-03-16,47,False
eagleeyeproduce,pysa,alphv,Eagle Eye Produce,Eagle Eye Produce,2021-09-09,2023-05-07,605,False
econocom,pysa,stormous,Econocom,econocom,2021-09-09,2023-09-04,725,False
efile,lockbit2,lockbit3,efile.com,efile.com,2022-01-21,2024-10-06,989,False
emprint,lockbit2,lockbit3,emprint.com,emprint.com,2022-06-20,2022-07-09,19,False
emprint,lockbit2,werewolves,emprint.com,emprint.com,2022-06-20,2023-12-21,549,False
emprint,lockbit3,werewolves,emprint.com,emprint.com,2022-07-09,2023-12-21,530,True
ende,alphv,lockbit3,ende.co.ao is a company you can test corporate network hack on and have 100% hacking succe,ende.bo,2023-09-21,2025-04-16,573,False
englishconstruction,blackbasta,lynx,English Construction Company,English Construction Company,2022-06-08,2024-09-26,841,True
eurekacasinoresort,bianlian,medusa,Eureka Casino Resort,Eureka Casino Resort,2022-12-15,2023-02-27,74,True
excelsecurity,akira,lynx,Excel Security Corp.,Excel Security,2024-05-30,2025-02-22,268,True
exelatechnologies,hiveleak,hunters,Exela Technologies,Exela Technologies,2022-07-13,2024-03-28,624,False
fazenda,lockbit2,killsecurity,fazenda.rj.gov.br,nfe.fazenda.gov.br ,2022-04-22,2024-09-29,891,False
fbigov,lockbit3,lockbit3_fs,fbi.gov,fbi.gov,2024-02-24,2024-02-24,0,True
fec-corp,lockbit2,lockbit3,fec-corp.com,fec-corp.com,2022-04-03,2023-08-03,487,False
fehrs,lockbit2,lockbit3_fs,fehrs.com,corp.fehrs.com,2022-02-25,2024-01-01,675,False
ferrerojeda,sparta,sarcoma,Ferrer&Ojeda,Ferrer & Ojeda,2022-09-13,2024-10-25,773,False
fiduagraria,lockbit3,medusa,fiduagraria.gov.co,Fiduagraria,2023-05-26,2023-05-27,1,True
fivestarproducts,lockbit2,lockbit3,fivestarproducts.com,fivestarproducts.com,2022-02-04,2024-10-06,975,False
floridadepartmentofveteransaffairs,quantum,snatch,Florida Department of Veterans' Affairs,Florida Department of Veterans' Affairs,2022-05-27,2023-09-18,479,False
fortify,apt73,bashe,fortify.pro,fortify.pro,2024-05-08,2024-11-18,194,False
fplfood,play,cactus,FPL Food,fplfood.com\$675M\USA\21GB\&lt;1% DISCLOSED,2024-05-29,2025-01-15,231,True
fresca,snatch,nokoyawa,FRESCA,Fresca,2023-05-22,2023-05-23,1,True
fullertonindia,lockbit3,snatch,fullertonindia.com,Fullerton India,2023-04-24,2023-06-13,50,True
gannons,blackbasta,apt73,www.gannons.co.uk,www.gannons.co.uk,2023-11-01,2024-06-14,226,True
gannons,blackbasta,bashe,www.gannons.co.uk,www.gannons.co.uk,2023-11-01,2024-11-18,383,True
gannons,apt73,bashe,www.gannons.co.uk,www.gannons.co.uk,2024-06-14,2024-11-18,157,False
gastoncollege,snatch,nokoyawa,Gaston College,Gaston College,2023-04-02,2023-05-23,51,True
gbricambi,ransomhub,lockbit3,www.gbricambi.it,gbricambi.it,2024-06-18,2024-10-06,110,True
gdzcom,lockbit3,qilin,gdz.com,GDZ Computer Services,2023-03-17,2026-01-08,1028,False
genusplc,lockbit2,lockbit3,genusplc.com,genusplc.com,2022-06-14,2022-07-14,30,False
globacap,apt73,bashe,globacap.com,globacap.com,2024-08-21,2024-11-18,89,False
globalremoteservices,nokoyawa,snatch,Global Remote Services,Global Remote Services,2023-05-23,2023-06-12,20,True
grupomh,blackbasta,play,GRUPO mh,Grupo MH,2022-06-21,2023-07-24,398,True
gunninglafazia,lockbit2,hunters,gunninglafazia.com,"Gunning & LaFazia, Inc.",2021-11-09,2024-01-04,786,False
gwmechanical,hunters,play,GW Mechanical,GW Mechanical,2024-10-04,2026-05-25,598,False
hacla,lockbit3,cactus,hacla.org,hacla.org\$1.9B\USA\861GB\&lt;1% DISCLOSED,2022-12-31,2024-10-31,670,True
halallergy,alphv,ransomhouse,HAL Allergy,HAL Allergy,2023-11-02,2024-02-28,118,True
hallidays,blackbasta,ragroup,Hallidays,HALLIDAYS GROUP LIMITED,2023-12-18,2024-03-22,95,True
hanonsystems,snatch,hunters,Hanon Systems,Hanon Systems,2022-01-13,2024-08-11,941,False
hanshin-dp,lockbit2,lockbit3_fs,hanshin-dp.co.jp,honsha.hanshin-dp.co.jp,2021-11-17,2024-01-01,775,False
hanwha,lockbit3,blackbasta,hanwha.com,Hanwha,2023-09-08,2024-04-19,224,True
hardemancountycommunityhealthcenter,alphv,incransom,Hardeman County Community Health Center,Hardeman County Community Health Center,2024-02-22,2024-02-27,5,True
havi,yanluowang,shaoleaks,Greetings to havi.com and tmsw.com,Greetings to havi.com and tmsw.com,2022-07-02,2022-10-31,121,False
hawbakerengineering,ransomhouse,snatch,Hawbaker Engineering,Hawbaker Engineering,2024-01-24,2024-04-05,72,True
hcisystems,bianlian,ransomhub,Hci Systems Inc,"HCI Systems, Inc. <www.hcisystems.net>",2022-12-15,2024-04-06,478,True
hendelsinc,lockbit3,dispossessor,hendelsinc.com,hendelsinc.com,2023-12-25,2024-07-25,213,True
henry,quantum,blacksuit,Henry,http://www.henry.k12.ga.us,2022-04-29,2023-12-05,585,False
hifly,hiveleak,lockbit2,HI FLY,hifly.aero,2021-12-18,2022-02-14,58,True
hoffsuemmer,lockbit2,lockbit3_fs,hoffsuemmer.de,intranet.hoffsuemmer.de,2021-09-22,2024-01-01,831,False
huntongroup,lockbit2,lockbit3,huntongroup.com,huntongroup.com,2022-04-22,2024-10-06,898,False
hurley,cactus,play,The Hurley Group,Hurley,2023-10-07,2026-09-27,1086,False
ignitarium,lockbit2,lockbit3,ignitarium.com,ignitarium.com,2022-03-24,2024-10-06,927,False
iibg,lockbit2,lockbit3_fs,iibg.ca,whse.iibg.ca,2021-09-26,2024-01-01,827,False
importantannouncement,conti,lv,[IMPORTANT ANNOUNCEMENT!],Important announcement,2022-04-15,2022-05-19,34,True
incegd,lockbit2,lockbit3_fs,incegd.com,incegd.com_inces.com,2022-04-22,2024-01-01,619,False
inces,lockbit3_fs,lockbit3,inces.com,inces.com,2024-01-01,2024-10-06,279,False
indiba,sparta,cicada3301,INDIBA,https://indiba.com,2022-09-13,2024-10-18,766,False
influencecommunication,noescape,play,www.influencecommunication.com,Influence Communication,2023-08-21,2024-03-01,193,False
insuranceagencymarketingservices,alphv,moneymessage,Insurance Agency Marketing Services,Insurance Agency Marketing Services,2023-04-19,2024-05-16,393,False
interface,hiveleak,hunters,Interface,Interface,2022-12-21,2024-04-03,469,False
intownsuites,azroteam,snatch,InTown Suites,InTown Suites,2021-09-09,2021-12-21,103,False
islandrealty,play,bianlian,Island Realty,Island Realty,2025-02-25,2025-03-07,10,True
ismea,lockbit2,lockbit3_fs,ismea.it,ismea.int,2022-03-21,2024-01-01,651,False
jackpotjunction,ransomhub,lockbit3,jackpotjunction.com,jackpotjunction.com,2025-04-01,2025-04-16,15,False
jakkspacific,hiveleak,alphv,JAKKS Pacific Inc,"JAKKS Pacific, Inc.",2022-12-20,2022-12-28,8,True
jangho,hunters,ransomhouse,Jangho Group,Jangho Group,2024-08-02,2024-08-19,17,True
jeffwylerautomotivefamily,8base,cryptbb,"Jeff Wyler Automotive Family, Inc.","Jeff Wyler Automotive Family, Inc.",2023-06-13,2023-09-15,94,True
jmthompson,play,cactus,JM Thompson,jmthompson.com\$17.9M\USA\331GB\&lt;1% DISCLOSED,2024-03-27,2024-06-10,75,True
jmthompson,play,qilin,JM Thompson,JM Thompson,2024-03-27,2024-08-28,154,True
jmthompson,cactus,qilin,jmthompson.com\$17.9M\USA\331GB\&lt;1% DISCLOSED,JM Thompson,2024-06-10,2024-08-28,79,True
jockeyclub,lockbit2,medusa,jockeyclub.org.ar,Jockey Club,2021-09-09,2023-10-30,781,False
johnllowery,noescape,lockbit3,www.johnllowery.com,johnllowery.com,2023-08-14,2024-10-06,419,False
johnston,bianlian,play,Johnston,Johnston,2024-05-26,2025-01-29,248,True
jpwindustries,alphv,ransomhub,JPW Industries (jpwindustries.com) | Baileigh Industrial (baileigh.com) | With SpaceX Data,www.jpwindustries.com,2023-06-02,2025-03-08,645,False
jutebag,ransomhub,lockbit3,Jutebag <www.jutebag.co.uk>,jutebag.co.uk,2024-04-26,2024-10-06,163,True
jvckenwood,conti,medusa,JVCKenwood,JVCKENWOOD ,2021-10-18,2024-03-07,871,False
kelly,blackbyte,8base,Kelly Group,The Kelly Group,2023-03-20,2024-05-27,434,True
kersey,8base,ransomhub,Kersey & Co,www.kersey.net,2023-07-25,2024-10-17,450,True
keypoint,lockbit2,lockbit3_fs,keypoint.com,corp.keypoint.net,2022-03-31,2024-01-01,641,False
kirwinfrydaymedcalflawyersllp,8base,cryptbb,KIRWIN FRYDAY MEDCALF Lawyers LLP,KIRWIN FRYDAY MEDCALF Lawyers LLP,2023-07-06,2023-09-15,71,True
kssenterprises,clop,lockbit2,KSSENTERPRISES.COM,kssenterprises.com,2021-10-05,2021-12-09,65,True
kumagaigumi,alphv,ransomhub,Kumagai Gumi Group,www.kumagaigumi.co.jp,2024-03-01,2024-07-20,141,False
kuwaitairways,lockbit2,lockbit3_fs,kuwaitairways.com,corp.kuwaitairways.com,2022-06-20,2024-01-01,560,False
laboratoriossmasac,azroteam,mountlocker,Laboratorios SMA S.A.C.,Laboratorios SMA S.A.C.,2021-09-09,2021-09-09,0,True
lantronix,hunters,play,Lantronix Inc.,Lantronix,2024-07-16,2025-04-23,281,True
lapostemobile,lockbit3,werewolves,lapostemobile.fr,lapostemobile.fr,2022-07-07,2023-12-21,532,True
lawsocietyofsouthafrica,8base,alphv,Law Society of South Africa,Law Society of South Africa,2023-06-15,2023-10-09,116,True
leekes,cactus,noescape,Leekes,www.leekes.co.uk,2023-09-11,2023-09-24,13,True
lenmed,lockbit3,darkvault,lenmed.co.za,lenmed.co.za,2024-05-08,2024-08-13,97,True
leonardssyrups,blackbasta,cactus,Leonard’s Syrups,leonardssyrups.com\$22M\USA\575GB\&lt;1% DISCLOSED,2024-02-13,2024-07-30,168,True
lewisclarkcollege,quantum,vicesociety,Lewis & Clark College,Lewis & Clark College,2022-01-13,2023-03-31,442,False
libertylines,royal,losttrust,http://www.libertylines.com,Liberty Lines,2023-03-15,2023-09-26,195,False
liveaction,snatch,nokoyawa,LiveAction,Liveaction inc.,2023-05-22,2023-05-23,1,True
logistia,lockbit2,lockbit3_fs,logistia.com,logistia.net,2021-11-06,2024-01-01,786,False
lorettohospital,ransomhouse,incransom,The Loretto Hospital,The Loretto Hospital,2025-03-10,2025-04-01,22,True
maldegem,lockbit2,lockbit3,maldegem.be,maldegem.be,2022-02-19,2022-07-27,158,False
marshallconstruction,lockbit3,trigona,marshallconstruction.co.uk,https://www.marshallconstruction.co.uk/,2023-05-07,2023-05-26,19,True
massdevelopment,cactus,bianlian,massdevelopment.com\$24.6M\USA\1.2TB\&lt;1% DISCLOSED,MassDevelopment,2024-12-18,2025-01-18,31,True
mckimcreed,ransomhub,lockbit3,McKim & Creed <www.mckimcreed.com>,mckimcreed.com,2024-03-13,2024-03-14,1,True
meadetractor,blackbasta,royal,https://www.meadetractor.com,http://meadetractor.com,2023-04-18,2023-05-05,17,True
medexhco,clop,ransomhub,MEDEXHCO.COM,medexhco.com,2023-03-18,2024-10-10,572,False
medicaluniversityofamericas,nokoyawa,snatch,Medical University of the Americas,Medical University of the Americas,2023-05-23,2023-06-21,29,True
melting-mind,apt73,bashe,melting-mind.de,melting-mind.de,2024-04-26,2024-11-18,206,False
mersen,azroteam,mountlocker,Mersen Group,MERSEN,2021-09-09,2021-09-09,0,True
metro,conti,hiveleak,"THE METRO GROUP, INC.",Metro.Us,2021-11-06,2021-12-28,52,True
metro,conti,blackbasta,"THE METRO GROUP, INC.",METRO,2021-11-06,2022-11-07,366,False
metro,hiveleak,blackbasta,Metro.Us,METRO,2021-12-28,2022-11-07,314,True
mideacarrier,conti,akira,Midea Carrier,Midea Carrier,2022-04-01,2023-12-04,612,False
migros,suncrypt,stormous,Migros,MIGROS,2022-03-16,2022-03-28,12,True
mikitravel,hunters,snatch,Miki Travel,Miki Travel Limited,2024-03-16,2024-04-05,20,True
mnmanagement,snatch,play,M&n Management,M&n Management,2023-10-25,2025-03-02,494,False
moci,lockbit3,lockbit3_fs,moci.gov.kw,moci.int,2023-02-27,2024-01-01,308,True
modplan,blackbasta,bashe,Modplan,modplan.co.uk,2024-06-17,2024-11-18,154,True
monaco-technologies,lockbit3,ransomblog_noname2,monaco-technologies.com,monaco-technologies.com,2023-09-08,2024-01-18,132,True
msxinternational,snatch,nokoyawa,MSX International,MSX International,2023-02-27,2023-05-23,85,True
navnit,xinglocker,mallox,NAVNIT GROUP,Navnit Group,2021-04-29,2023-01-25,636,False
nebraskaland,blackbyte,alphv,NEBRASKALAND,NEBRASKALAND,2023-06-14,2023-07-25,41,True
nebraskaland,blackbyte,lynx,NEBRASKALAND,NEBRASKALAND,2023-06-14,2024-11-09,514,False
nebraskaland,alphv,lynx,NEBRASKALAND,NEBRASKALAND,2023-07-25,2024-11-09,473,False
netvigour,avaddon,hunters,NetVigour Inc,NetVigour,2021-09-09,2024-03-11,914,False
networkcommunications,alphv,qilin,Network Communications Inc,Network Communications Group ,2022-10-29,2024-07-31,641,False
newhorizonsmedical,lockbit3,alphv,newhorizonsmedical.org,New Horizons Medical,2023-06-07,2023-06-14,7,True
nfcaa,lockbit2,lockbit3,nfcaa.org,nfcaa.org,2022-02-04,2024-10-06,975,False
nobleweb,lockbit3,ransomblog_noname2,nobleweb.com,nobleweb.com,2023-09-06,2024-01-18,134,True
nokair,alphv,lockbit3,Nok Air,nokair.com,2022-11-20,2023-02-28,100,True
northernsafety,blackbasta,bashe,"Northern Safety Co., Inc.",www.northernsafety.com,2024-09-16,2024-11-18,63,True
oak-brook,lockbit2,lockbit3_fs,oak-brook.org,gov.oak-brook.org,2022-06-26,2024-01-01,554,False
olea,lockbit3,blacksuit,olea.com,http://olea.com,2024-01-12,2024-04-09,88,True
olympia,blackbasta,lockbit3,OLYMPIA,olympia.org,2022-07-07,2023-04-05,272,True
omniatel,noescape,losttrust,www.omniatel.it,Omniatel,2023-09-07,2023-09-26,19,True
onyx-fire,lockbit3,ransomblog_noname2,onyx-fire.com,onyx-fire.com,2023-09-06,2024-01-18,134,True
ospreyvideo,lockbit2,lockbit3,ospreyvideo.com,ospreyvideo.com,2022-04-28,2022-08-16,110,False
overseas-ast,lockbit2,lockbit3,overseas-ast.co...,overseas-ast.com,2021-09-10,2022-07-25,318,False
p1technicalservices,8base,cryptbb,P1 Technical Services,P1 Technical Services,2023-05-23,2023-09-15,115,True
pandol,lockbit2,abyss,pandol.com,pandol.com,2021-10-28,2023-04-18,537,False
pavilionconstruction,play,bianlian,Pavilion Construction,Pavilion Construction LLC,2024-03-27,2024-03-30,3,True
paybito,lockbit2,lockbit3,paybito.com,paybito.com,2022-02-03,2024-10-06,976,False
pella,blackbasta,hunters,Pella,Pella,2022-12-13,2024-05-10,514,True
phoenix,clop,monti,PHOENIX.TECH,Phoenix,2023-03-23,2025-03-04,712,False
pickens,lockbit3,dispossessor,co.pickens.sc.us,co.pickens.sc.us,2023-12-25,2024-07-25,213,True
pigglywigglyalabamadistributing,blackbasta,play,Piggly Wiggly Alabama Distributing Company,PIGGLY WIGGLY ALABAMA DISTRIBUTING,2022-05-16,2024-09-10,848,True
pindrophearing,apt73,bashe,www.pindrophearing.co.uk,www.pindrophearing.co.uk,2024-08-21,2024-11-18,89,False
piramal,lockbit3,bianlian,piramal.com,Piramal Group,2023-03-28,2023-06-28,92,True
pkfcomau,lockbit2,lockbit3,pkf.com.au,pkf.com.au,2021-11-16,2024-10-06,1055,False
planethomelending,clop,lockbit3,planethomelending.com,planethomelending.com,2023-08-31,2023-11-16,77,False
polanglo,8base,cryptbb,Polanglo,Polanglo,2023-07-04,2023-09-15,73,True
powersportsmarketing,everest,ransomedvc,Powersportsmarketing.com,Powersports Marketing,2023-09-02,2023-09-08,6,True
prairiesedgecasino,lockbit2,lockbit3_fs,prairiesedgecasino.com,prairie.prairiesedgecasino.com,2021-12-08,2024-01-01,754,False
prefimetal,lockbit2,lockbit3_fs,prefimetal.com,prefimetal.int,2022-02-04,2024-01-01,696,False
procab,lockbit2,losttrust,procab.se,Procab,2022-04-19,2023-09-26,525,False
protectiveindustrialproducts,play,hunters,Protective Industrial Products,Protective Industrial Products,2024-09-16,2024-10-11,25,True
radium,lockbit2,lockbit3,radium.com.tw,radium.com.tw,2021-10-21,2023-03-16,511,False
rategain,conti,hiveleak,RateGain,RateGain,2022-05-24,2022-05-24,0,True
realtime,conti,flocker,Real Time,Realtime.tw,2021-09-23,2025-02-16,1242,False
regulvar,cuba,cactus,regulvar,regulvar.com\$253.5M\Canada\3.6TB\&lt;1% DISCLOSED,2022-01-10,2025-02-24,1141,False
reust,lockbit2,lockbit3_fs,reust.ch,reust.ads,2021-10-07,2024-01-01,816,False
rhenus,lockbit2,clop,rhenus.group,rhenus.group,2022-06-20,2023-08-31,437,False
rintal,lockbit2,lockbit3_fs,rintal.com,stairs.rintal.com,2021-11-12,2024-01-01,780,False
riteaid,clop,ransomhub,riteaid.com,www.riteaid.com,2023-08-25,2024-07-12,322,False
robesoncoso,ransomhub,lockbit3,Robeson County Sheriff's Office <www.robesoncoso.org>,robesoncoso.org,2024-04-12,2024-10-06,177,True
rockymountaingastro,trinity,ransomhub,INTERNAL.ROCKYMOUNTAINGASTRO.COM,rockymountaingastro.com,2024-09-15,2024-09-28,13,True
rockymountainsales,hunters,ransomhub,Rocky Mountain Sales,Rocky Mountain Sales <www.rockymountainsales.com>,2024-04-26,2024-05-16,20,True
rosslare,lockbit2,lockbit3_fs,rosslare.com.hk,rosslare.com.hk2,2022-03-17,2024-01-01,655,False
russellfinex,lockbit3,play,russellfinex.com,Russell Finex,2023-01-12,2023-03-10,57,True
rylandpeters,apt73,bashe,rylandpeters.com,rylandpeters.com,2024-08-22,2024-11-18,88,False
sabre,lockbit2,dunghill_leak,sabre.ca,Sabre Corporation,2021-09-10,2023-09-06,726,False
sabre,lockbit2,lockbit3,sabre.ca,sabre.co.uk,2021-09-10,2023-11-20,801,False
sabre,dunghill_leak,lockbit3,Sabre Corporation,sabre.co.uk,2023-09-06,2023-11-20,75,True
saglobal,redransomware,cactus,Saglobal.com,saglobal.com\$243.7M\USA\41GB\100%DISCLOSED,2024-03-05,2024-04-22,48,True
sando,hiveleak,donutleaks,SANDO,Sando,2022-07-13,2022-08-24,42,True
sanfranciscoballet,incransom,meow,San Francisco Ballet,San Francisco Ballet,2024-11-18,2024-11-19,1,True
sanglier,blacksuit,meow,http://www.sanglier.org.uk,Sanglier Limited,2024-06-25,2024-10-25,122,True
satcommarketing,8base,qilin,SatCom Marketing,SatCom CX,2023-08-06,2026-06-08,1037,False
saurer,lockbit3,snatch,saurer.com,Saurer,2022-10-29,2022-11-13,15,True
sbmandco,ransomhub,lockbit3,SBM & Co<www.sbmandco.com>,sbmandco.com,2024-03-13,2024-03-14,1,True
secom,lockbit2,clop,se.com,se.com,2021-12-09,2023-08-21,620,False
secom,lockbit2,flocker,se.com,S********e.com,2021-12-09,2025-03-03,1180,False
secom,clop,flocker,se.com,S********e.com,2023-08-21,2025-03-03,560,False
securityinstrument,play,cactus,Security Instrument,securityinstrument.com\$15.4M\USA\141GB\&lt;1% DISCLOSED,2023-10-04,2024-08-27,328,True
selmi,lockbit3,ransomblog_noname2,selmi.com.br,selmi.com.br,2023-07-16,2024-01-18,186,True
servicepower,apt73,bashe,www.servicepower.com,www.servicepower.com,2024-05-02,2024-11-18,200,False
shimamura,lockbit2,lockbit3_fs,shimamura.gr.jp,smd.shimamura.gr.jp,2022-05-09,2024-01-01,602,False
shutterfly,conti,clop,Shutterfly inc.,shutterfly.com,2022-01-15,2023-08-18,580,False
sigma,medusa,akira,SIGMA,Sigma,2023-05-22,2024-07-11,416,False
siix,lockbit2,qilin,siix.co.jp,https://www.siix.co.jp,2021-11-21,2023-04-30,525,False
skfcom,everest,ransomedvc,SKF.com,SKF.com,2023-09-02,2023-09-08,6,True
soletechnology,blackbasta,monti,Sole Technology,sole technology,2022-05-05,2025-02-11,1013,False
solveindustrial,lockbit3,werewolves,solveindustrial.com,solveindustrial.com,2023-09-29,2024-01-14,107,True
southland,everest,conti,Southland,Southland Holdings,2021-09-13,2021-11-02,50,True
spsr-law,babuk,marketo,spsr-law.com,spsr-law.com,2021-09-09,2021-12-07,89,False
statefarm,everest,ransomedvc,Statefarm.com,StateFarm,2023-09-02,2023-09-08,6,True
steelartsigns,avaddon,play,Steel Art Signs Corp.,Steel Art Signs,2021-09-09,2024-10-14,1131,False
stemcor,ransomexx,blackbasta,STEMCOR,STEMCOR,2021-09-09,2024-01-23,866,True
stemcor,ransomexx,lockbit3,STEMCOR,stemcor.com,2021-09-09,2024-02-01,875,True
stemcor,blackbasta,lockbit3,STEMCOR,stemcor.com,2024-01-23,2024-02-01,9,True
stratforduniversity,revil,snatch,Stratford University,Stratford University,2022-04-22,2022-08-17,117,True
supplytechnologies,dunghill_leak,blacksuit,Supply Technologies LLC,https://www.supplytechnologies.com/,2024-04-15,2024-11-11,210,False
synlab,clop,blackbasta,synlab.fr,SYNLAB,2023-08-31,2024-05-05,248,False
sysco,dunghill_leak,qilin,Sysco Corporation,Sysco,2023-07-26,2026-05-05,1014,False
tampageneralhospital,snatch,nokoyawa,Tampa general hospital,Tampa General Hospital,2023-07-18,2023-07-20,2,True
teamwass,cactus,ransomhub,teamwass.com\$676.3M\USA\451GB\&lt;1% DISCLOSED,teamwass.com,2025-02-17,2025-02-27,10,True
techinteractive,8base,moneymessage,The Tech Interactive,The Tech Interactive,2024-04-22,2025-04-18,361,False
tedpella,lockbit3,8base,tedpella.com,Ted Pella Inc.,2023-08-18,2023-10-03,46,True
telepizza,lockbit3,8base,telepizza.com,Telepizza,2023-03-20,2023-07-13,115,True
tetrosyl,snatch,8base,Tetrosyl Group,Tetrosyl Group Limited,2023-06-14,2024-02-07,238,True
thalesgroup,lockbit2,lockbit3,thalesgroup.com,thalesgroup.com,2022-01-03,2022-10-31,301,False
thecsi,lockbit3,threeam,thecsi.com,thecsi.com,2023-10-19,2024-01-12,85,True
thewalkerschool,lockbit3,alphv,thewalkerschool.org,thewalkerschool,2023-11-12,2023-11-16,4,True
toyotaliftnortheast,8base,cryptbb,ToyotaLift Northeast,ToyotaLift Northeast,2023-08-16,2023-09-15,30,True
trademarkindustrial,blackbasta,hunters,Trade-Mark Industrial Inc.,Trade-Mark Industrial,2022-08-06,2024-05-08,641,True
triella,alphv,lockbit3,Triella,triella.com,2024-01-11,2024-03-16,65,False
trifecta,apt73,bashe,www.trifecta.com,www.trifecta.com,2024-04-25,2024-11-18,207,False
trimarancapitalpartners,alphv,cactus,Trimaran Capital Partners,Trimaran Capital Partners,2023-08-25,2023-09-07,13,True
trueblueenvironmental,play,lynx,True Blue Environmental,True Blue Environmental,2024-08-06,2024-08-19,13,True
trugreen,blackbasta,incransom,TruGreen,trugreen.com,2024-05-20,2026-04-22,702,False
ufresources,noescape,lockbit3,www.ufresources.com,ufresources.com,2023-12-04,2024-05-09,157,False
unimed,trigona,lockbit3,https://unimed.coop.br/,unimed.coop.br,2023-09-05,2023-11-03,59,True
unitedlex,monti,alphv,UnitedLex,UnitedLex,2023-03-17,2023-04-05,19,True
unitedlex,monti,donutleaks,UnitedLex,UnitedLex.com,2023-03-17,2023-07-09,114,True
unitedlex,alphv,donutleaks,UnitedLex,UnitedLex.com,2023-04-05,2023-07-09,95,True
usdermatologypartners,bianlian,blackbasta,US Dermatology Partners,U.S. Dermatology Partners,2024-06-25,2024-09-16,83,True
valleylandtitleco,lockbit3,donutleaks,valleylandtitleco.com,valleylandtitleco.com,2024-05-24,2024-07-03,40,True
verco,cactus,threeam,verco.co.uk\$17.5M\United Kingdom\592GB\&lt;1% DISCLOSED,verco.co.uk,2024-07-16,2024-09-30,76,True
victrongroup,payloadbin,abyss,Victrongroup.com,victrongroup.com,2021-09-09,2024-10-09,1126,False
vinatiorganics,lockbit3,ransomhub,vinatiorganics.com,www.vinatiorganics.com,2024-05-09,2024-09-10,124,True
vistra,ransomexx,conti,Vistra,VISTRA,2021-09-09,2021-11-11,63,True
vvrmc,lockbit2,lockbit3_fs,vvrmc.org | Par...,vvrmc.org,2022-03-17,2024-01-01,655,False
waldners,play,medusa,Waldners,Waldner's,2023-12-18,2024-01-22,35,True
warning,conti,lockbit2,WARNING,WARNING,2022-02-25,2022-02-27,2,True
warning,conti,alphv,WARNING,!!!WARNING!!!,2022-02-25,2023-09-28,580,False
warning,lockbit2,alphv,WARNING,!!!WARNING!!!,2022-02-27,2023-09-28,578,False
wasserstorm,azroteam,mountlocker,Wasserstorm,Wasserstorm,2021-09-09,2021-09-09,0,True
wasserstrom,snatch,cactus,Wasserstrom,Wasserstrom,2023-07-18,2023-07-21,3,True
wecom,cloak,flocker,we****.com,W*****e.com,2024-03-26,2025-01-29,309,False
welker,FOG,play,Welker (welker.com),Welker,2024-10-16,2024-12-16,61,True
winonapatternmold,meow,play,Winona Pattern & Mold,Winona Pattern & Mold,2024-01-24,2024-03-01,37,True
wolfbergalvarez,lockbit2,lockbit3_fs,wolfbergalvarez.com,wolfbergalvarez.corp,2021-10-13,2024-01-01,810,False
workplace,royal,lockbit3,http://www.workplace.org,workplace.org,2023-03-08,2023-03-14,6,True
workplace,royal,losttrust,http://www.workplace.org,The WorkPlace,2023-03-08,2023-09-26,202,False
workplace,lockbit3,losttrust,workplace.org,The WorkPlace,2023-03-14,2023-09-26,196,True
yakult,clop,dragonforce,yakult.com.ph,yakult.com.au,2023-08-27,2023-12-20,115,False
yipintsoi,alphv,snatch,yipintsoi.com,Yip in Tsoi,2022-02-18,2022-03-31,41,True
younghomes,mallox,lockbit3,"Young Homes, Inc",younghomes.com,2023-06-03,2023-08-29,87,True
yucatan,alphv,lockbit3,Yucatan,yucatan.gob.mx,2023-04-13,2024-05-07,390,False
zepter,quantum,ransomhub,Zepter,www.zepter.de,2021-12-09,2024-07-12,946,False
zgoda,lockbit2,lockbit3_fs,zgoda.net,zgoda.ad,2021-10-20,2024-01-01,803,False
zhulian,lockbit2,lockbit3,zhulian.co.th,zhulian.co.th,2022-02-13,2022-07-22,159,False
zonbeachside,medusa,dispossessor,Zon Beachside,Zon Beachside https://zonbeachside.com,2023-11-05,2024-08-05,274,False
zoominfo,royal,blacksuit,https://www.zoominfo.com/c/maynards-industries-ltd/24117794,https://www.zoominfo.com/c/it-luggage-ltd/356677571,2022-11-05,2023-07-24,261,False
zoominfo,royal,qilin,https://www.zoominfo.com/c/maynards-industries-ltd/24117794,"THOMAS JORDAN, P.A",2022-11-05,2026-05-24,1296,False
zoominfo,blacksuit,qilin,https://www.zoominfo.com/c/it-luggage-ltd/356677571,"THOMAS JORDAN, P.A",2023-07-24,2026-05-24,1035,False
zyloware,blacksuit,meow,https://www.zyloware.com/,Zyloware,2024-10-25,2024-11-14,20,True
