scope,group_2026,victim_2026,date_2026,earlier_group,earlier_name,earlier_date,earlier_source,gap_days,same_group
"other groups, any year",safepay,compactmould.com,2026-06-01,ransomhub,compactmould.com,2025-02-24,posts.json,462,False
"other groups, any year",incransom,Kiswire,2026-03-23,ransomhub,www.kiswire.com,2024-12-04,posts.json,474,False
"other groups, any year",qilin,ABM Enviro,2026-07-23,ransomhub,www.abmenviro.ca,2025-03-21,posts.json,489,False
"other groups, any year",play,GW Mechanical,2026-05-25,hunters,GW Mechanical,2024-10-04,posts.json,598,False
"other groups, any year",qilin,Precision Steel Services,2026-07-06,spacebears,Precision Steel Services,2024-10-22,posts.json,622,False
"other groups, any year",incransom,trugreen.com,2026-04-22,blackbasta,TruGreen,2024-05-20,posts.json,702,False
"other groups, any year",qilin,Cosmocolor SA de CV,2026-08-28,hunters,Cosmocolor,2024-03-14,posts.json,897,False
"other groups, any year",incransom,wittmann,2026-08-24,lockbit3,wittmann.at,2024-01-21,posts.json,946,False
"other groups, any year",incransom,stimgroup,2026-01-10,lockbit3,stimgroup.it,2023-06-06,posts.json,949,False
"other groups, any year",qilin,Sysco,2026-05-05,dunghill_leak,Sysco Corporation,2023-07-26,posts.json,1014,False
"other groups, any year",qilin,GDZ Computer Services,2026-01-08,lockbit3,gdz.com,2023-03-17,posts.json,1028,False
"other groups, any year",qilin,SatCom CX,2026-06-08,8base,SatCom Marketing,2023-08-06,posts.json,1037,False
"other groups, any year",incransom,Foamtec International,2026-02-01,medusa,Foamtec International,2023-02-27,posts.json,1070,False
"other groups, any year",play,Hurley,2026-09-21,cactus,The Hurley Group,2023-10-07,posts.json,1080,False
"other groups, any year",qilin,Air International Thermal Systems,2026-08-26,lockbit3,ai-thermal.com,2023-06-12,posts.json,1171,False
"other groups, any year",safepay,abcseamless.com,2026-01-19,snatch,ABC Seamless,2021-12-14,posts.json,1497,False
"other groups, any year",akira,Murray's Cheese,2026-03-11,lockbit2,murrayscheese.com,2021-12-08,posts.json,1554,False
"other groups, any year",qilin,Denso,2026-04-24,rook,DENSO,2021-12-28,posts.json,1578,False
"other groups, any year",incransom,Calsoft Inc,2026-05-08,payloadbin,calsoft.com,2021-09-30,posts.json,1681,False
"other groups, any year",qilin,Whitehouse,2026-08-28,vicesociety,Whitehouse,2022-01-06,posts.json,1695,False
