scope,group_2026,victim_2026,date_2026,earlier_group,earlier_name,earlier_date,earlier_source,gap_days,same_group,size_2026,size_earlier,files_2026,files_earlier,same_size,claim_similarity,shared_proofs
five groups 2023-25,qilin,Air International Thermal Systems,2026-08-26,play,Air International Thermal Systems,2024-08-13,posts.json,743,False,,,,,False,,0
five groups 2023-25,qilin,Jubilee Jobs,2026-07-25,incransom,jubileejobs.org,2025-07-07,history.json,383,False,104.00 GB,,206007.0,,False,,0
five groups 2023-25,qilin,Guntert & Zimmerman,2026-07-25,play,Guntert & Zimmerman,2023-11-15,posts.json,983,False,106.00 GB,,49182.0,,False,,0
five groups 2023-25,qilin,EFU Life Assurance,2026-07-22,incransom,EFU Life Assurance Ltd,2024-04-28,history.json,815,False,,,,,False,,0
five groups 2023-25,safepay,compactmould.com,2026-06-01,play,Compact Mould,2024-03-01,posts.json,822,False,,,,,False,,0
five groups 2023-25,play,Smoker's Choice,2026-03-24,play,Smoker's Choice,2024-10-08,posts.json,532,True,34 GB,,,,False,,0
five groups 2023-25,qilin,RMZ Oilfield Engineering,2026-03-13,qilin,rmzoilfield.com,2025-06-09,history.json,277,True,,206.00 GB,,164067.0,False,,0
five groups 2023-25,qilin,Gericke,2026-03-03,qilin,Gericke AG,2025-10-23,history.json,131,True,,300.00 GB,,147723.0,False,,0
five groups 2023-25,play,ALLMAX,2026-01-26,incransom,allmaxnutrition.com,2025-08-27,history.json,152,False,84 GB,,,,False,,0
five groups 2023-25,qilin,Cary Pediatric Center,2026-01-15,qilin,carypeds.com,2025-09-27,history.json,110,True,130.00 GB,130.00 GB,0.0,0.0,True,,0
five groups 2023-25,qilin,GDZ Computer Services,2026-01-08,play,GDZ Computer Services,2025-09-10,history.json,120,False,,118 GB,,,False,,0
