,hash,posts,groups,first,last,example
leak_claim,78c8932cfd5b15d8,210,play,2025-07-16,2026-09-10,"Private and personal confidential data, clients documents, budget, payroll, IDs, taxes, finance information and etc. Compressed full dump."
leak_claim,b3008ca4cc88ae82,27,play,2025-10-28,2026-09-28,"Private and personal confidential data, clients documents, budget, payroll, IDs, taxes, finance information and etc. For now part of the data have been published, If there no reaction full dump will be uploaded."
leak_claim,309aed4cc0e5e332,7,incransom,2026-06-11,2026-08-22,"Unauthorized access has been gained to the company's confidential files, including client data, proprietary R&D, and financial documentation."
leak_claim,4ff6b4d4779d90b6,4,play,2025-11-20,2026-02-01,"Private and personal confidential data, clients documents, budget, payroll, IDs, taxes, finance inf"
leak_claim,11cd17b38d309489,3,play,2026-09-30,2026-09-30,"Private and personal confidential data, clients documents, budget, payroll, IDs, taxes, finance information and etc."
leak_claim,cadc30be9581de8f,3,akira,2025-01-31,2025-04-02,"We always act honestly and try not to disclose the fact of data leakage until the very last moment. Therefore, it is in your best interest not to be on this list and contact us immediately."
leak_claim,0108d975f3531546,2,incransom,2026-05-10,2026-09-24,full data
description,309aed4cc0e5e332,7,incransom,2026-06-11,2026-08-22,"Unauthorized access has been gained to the company's confidential files, including client data, proprietary R&D, and financial documentation."
description,6b1022f4120dec13,5,incransom,2025-11-06,2025-11-06,"We have data from Piaty Müller-Mezin Schoeller Rechtsanwälte GmbH, payment and tax records, employee and client documents, as well as projects and developments, and personal correspondence with clients."
description,0e9cdac78355a74a,3,incransom,2026-02-24,2026-07-01,400gb
description,e3b0c44298fc1c14,3,incransom,2026-07-30,2026-08-18,/
description,0108d975f3531546,2,incransom,2026-05-10,2026-09-24,full data
description,6df85ea4202b364e,2,incransom,2024-05-01,2024-05-22,"Midwest Covenant Home, Inc., located in Stromsburg, Nebraska, offers a senior living campus which encompasses independent living apartments, assisted living units and a skilled nursing facility. Our organization values our elders and promotes the quality of their lives through the gracious environment surrounding the grounds. Adopting the Eden philosophy, Midwest Covenant Home upholds abolishing the three plagues of the elderly, loneliness, helplessness and boredom. Each resident's spiritual life is enhanced by our involvement with the local clergy to meet the individual resident's spiritual needs. We are active members of the Nebraska Health Care Association. Midwest Covenant Home is a registered Eden Alternative facility. One recent family member commented, ""You have a very caring staff here."""
description,ff27cf2c30e1b542,2,incransom,2025-12-02,2026-06-02,150gb
